Date,Close
01/07/2013 16:00:00,81.31
02/07/2013 16:00:00,80.9
03/07/2013 16:00:00,80.99
05/07/2013 16:00:00,81.44
08/07/2013 16:00:00,81.35
09/07/2013 16:00:00,83.91
10/07/2013 16:00:00,82.87
11/07/2013 16:00:00,84.25
12/07/2013 16:00:00,83.94
15/07/2013 16:00:00,84.42
16/07/2013 16:00:00,83.96
17/07/2013 16:00:00,83.6
18/07/2013 16:00:00,83.66
19/07/2013 16:00:00,84.05
22/07/2013 16:00:00,84.78
23/07/2013 16:00:00,83.9
24/07/2013 16:00:00,82.59
25/07/2013 16:00:00,82.9
26/07/2013 16:00:00,82.81
29/07/2013 16:00:00,83.02
30/07/2013 16:00:00,82.98
31/07/2013 16:00:00,83.07
01/08/2013 16:00:00,83.05
02/08/2013 16:00:00,83.4
05/08/2013 16:00:00,82.8
06/08/2013 16:00:00,81.2
07/08/2013 16:00:00,80.99
08/08/2013 16:00:00,82.32
09/08/2013 16:00:00,81.74
12/08/2013 16:00:00,83.38
13/08/2013 16:00:00,83.91
14/08/2013 16:00:00,82.34
15/08/2013 16:00:00,84.36
16/08/2013 16:00:00,84.11
19/08/2013 16:00:00,84.52
20/08/2013 16:00:00,83.25
21/08/2013 16:00:00,82.51
22/08/2013 16:00:00,83.25
23/08/2013 16:00:00,83.5
26/08/2013 16:00:00,84.77
27/08/2013 16:00:00,83.48
28/08/2013 16:00:00,84.12
29/08/2013 16:00:00,83.8
30/08/2013 16:00:00,83.64
03/09/2013 16:00:00,84.06
04/09/2013 16:00:00,84.48
05/09/2013 16:00:00,82.55
06/09/2013 16:00:00,82.61
09/09/2013 16:00:00,83.88
10/09/2013 16:00:00,84.18
11/09/2013 16:00:00,84.31
12/09/2013 16:00:00,83.19
13/09/2013 16:00:00,82.49
16/09/2013 16:00:00,83.54
17/09/2013 16:00:00,83.71
18/09/2013 16:00:00,84.51
19/09/2013 16:00:00,85.1
20/09/2013 16:00:00,83.82
23/09/2013 16:00:00,84.01
24/09/2013 16:00:00,84.26
25/09/2013 16:00:00,84.64
26/09/2013 16:00:00,83.08
27/09/2013 16:00:00,82.37
30/09/2013 16:00:00,81.39
01/10/2013 16:00:00,82.22
02/10/2013 16:00:00,82.3
03/10/2013 16:00:00,82.09
04/10/2013 16:00:00,82.55
07/10/2013 16:00:00,82.46
08/10/2013 16:00:00,82.21
09/10/2013 16:00:00,82.6
10/10/2013 16:00:00,82.92
11/10/2013 16:00:00,82.31
14/10/2013 16:00:00,83.1
15/10/2013 16:00:00,82.36
16/10/2013 16:00:00,82.97
17/10/2013 16:00:00,83.65
18/10/2013 16:00:00,84.19
21/10/2013 16:00:00,84.17
22/10/2013 16:00:00,84.54
23/10/2013 16:00:00,84.08
24/10/2013 16:00:00,84.28
25/10/2013 16:00:00,83.55
28/10/2013 16:00:00,83.47
29/10/2013 16:00:00,82.65
30/10/2013 16:00:00,82.21
31/10/2013 16:00:00,81.84
01/11/2013 16:00:00,81.64
04/11/2013 16:00:00,81.79
05/11/2013 16:00:00,81.8
06/11/2013 16:00:00,81.8
07/11/2013 16:00:00,81.56
08/11/2013 16:00:00,81.5
11/11/2013 16:00:00,81.86
12/11/2013 16:00:00,82.12
13/11/2013 16:00:00,82.84
14/11/2013 16:00:00,82.85
15/11/2013 16:00:00,82.83
18/11/2013 16:00:00,83.66
19/11/2013 16:00:00,82.81
20/11/2013 16:00:00,84.52
21/11/2013 16:00:00,83.85
22/11/2013 16:00:00,84.77
25/11/2013 16:00:00,84.68
26/11/2013 16:00:00,83.84
27/11/2013 16:00:00,83.8
29/11/2013 16:00:00,84.24
02/12/2013 16:00:00,83.87
03/12/2013 16:00:00,82.71
04/12/2013 16:00:00,85.38
05/12/2013 16:00:00,84.86
06/12/2013 16:00:00,85.32
09/12/2013 16:00:00,87.2
10/12/2013 16:00:00,88.04
11/12/2013 16:00:00,87.28
12/12/2013 16:00:00,86.84
13/12/2013 16:00:00,87.18
16/12/2013 16:00:00,88.87
17/12/2013 16:00:00,88.3
18/12/2013 16:00:00,89.41
19/12/2013 16:00:00,89.41
20/12/2013 16:00:00,90.08
23/12/2013 16:00:00,90.64
24/12/2013 16:00:00,90.86
26/12/2013 16:00:00,91.12
27/12/2013 16:00:00,90.7
30/12/2013 16:00:00,90.82
31/12/2013 16:00:00,91.33
02/01/2014 16:00:00,90.26
03/01/2014 16:00:00,90.66
06/01/2014 16:00:00,89.91
07/01/2014 16:00:00,90.31
08/01/2014 16:00:00,89.34
09/01/2014 16:00:00,88.98
10/01/2014 16:00:00,89.76
13/01/2014 16:00:00,89.51
14/01/2014 16:00:00,89.7
15/01/2014 16:00:00,89.8
16/01/2014 16:00:00,89.83
17/01/2014 16:00:00,89.35
21/01/2014 16:00:00,89.38
22/01/2014 16:00:00,88.66
23/01/2014 16:00:00,87.88
24/01/2014 16:00:00,85.55
27/01/2014 16:00:00,86.01
28/01/2014 16:00:00,86.59
29/01/2014 16:00:00,85.93
30/01/2014 16:00:00,86.58
31/01/2014 16:00:00,85.96
03/02/2014 16:00:00,84.78
04/02/2014 16:00:00,85.11
05/02/2014 16:00:00,84.7
06/02/2014 16:00:00,85.43
07/02/2014 16:00:00,86.56
10/02/2014 16:00:00,87.36
11/02/2014 16:00:00,87.46
12/02/2014 16:00:00,86.9
13/02/2014 16:00:00,85.85
14/02/2014 16:00:00,85.84
18/02/2014 16:00:00,85.1
19/02/2014 16:00:00,84.29
20/02/2014 16:00:00,85.12
21/02/2014 16:00:00,84.69
24/02/2014 16:00:00,84.8
25/02/2014 16:00:00,84.05
26/02/2014 16:00:00,84.35
27/02/2014 16:00:00,84.97
28/02/2014 16:00:00,85.93
03/03/2014 16:00:00,86.96
04/03/2014 16:00:00,86.63
05/03/2014 16:00:00,86.92
06/03/2014 16:00:00,88.23
07/03/2014 16:00:00,88.8
10/03/2014 16:00:00,88.52
11/03/2014 16:00:00,89.11
12/03/2014 16:00:00,88.84
13/03/2014 16:00:00,87.98
14/03/2014 16:00:00,87.2
17/03/2014 16:00:00,87.49
18/03/2014 16:00:00,87.67
19/03/2014 16:00:00,87.29
20/03/2014 16:00:00,87.57
21/03/2014 16:00:00,89.84
24/03/2014 16:00:00,88.51
25/03/2014 16:00:00,89.1
26/03/2014 16:00:00,88.33
27/03/2014 16:00:00,87.86
28/03/2014 16:00:00,88.75
31/03/2014 16:00:00,90.8
01/04/2014 16:00:00,91.39
02/04/2014 16:00:00,91.9
03/04/2014 16:00:00,92.06
04/04/2014 16:00:00,91.83
07/04/2014 16:00:00,91.15
08/04/2014 16:00:00,92.54
09/04/2014 16:00:00,93.38
10/04/2014 16:00:00,92.74
11/04/2014 16:00:00,92.01
14/04/2014 16:00:00,92.44
15/04/2014 16:00:00,92.34
16/04/2014 16:00:00,93.15
17/04/2014 16:00:00,93.4
21/04/2014 16:00:00,93.12
22/04/2014 16:00:00,93.34
23/04/2014 16:00:00,93.57
24/04/2014 16:00:00,93.89
25/04/2014 16:00:00,93.14
28/04/2014 16:00:00,92.77
29/04/2014 16:00:00,93.73
30/04/2014 16:00:00,93.34
01/05/2014 16:00:00,93.22
02/05/2014 16:00:00,92.92
05/05/2014 16:00:00,92.69
06/05/2014 16:00:00,92.77
07/05/2014 16:00:00,94.53
08/05/2014 16:00:00,94.28
09/05/2014 16:00:00,94.34
12/05/2014 16:00:00,93.65
13/05/2014 16:00:00,93.61
14/05/2014 16:00:00,91.7
15/05/2014 16:00:00,91.21
16/05/2014 16:00:00,91.27
19/05/2014 16:00:00,90.67
20/05/2014 16:00:00,89.95
21/05/2014 16:00:00,89.98
22/05/2014 16:00:00,89.99
23/05/2014 16:00:00,89.98
27/05/2014 16:00:00,90.92
28/05/2014 16:00:00,90.91
29/05/2014 16:00:00,91.1
30/05/2014 16:00:00,91.17
02/06/2014 16:00:00,91.18
03/06/2014 16:00:00,90.84
04/06/2014 16:00:00,90.84
05/06/2014 16:00:00,91.3
06/06/2014 16:00:00,92.3
09/06/2014 16:00:00,93
10/06/2014 16:00:00,92.45
11/06/2014 16:00:00,91.42
12/06/2014 16:00:00,90.47
13/06/2014 16:00:00,90.47
16/06/2014 16:00:00,90.37
17/06/2014 16:00:00,90.6
18/06/2014 16:00:00,91.19
19/06/2014 16:00:00,91.58
20/06/2014 16:00:00,92.04
23/06/2014 16:00:00,91.39
24/06/2014 16:00:00,90.63
25/06/2014 16:00:00,90.74
26/06/2014 16:00:00,90.41
27/06/2014 16:00:00,90.82
30/06/2014 16:00:00,90.55
01/07/2014 16:00:00,90.08
02/07/2014 16:00:00,90.35
03/07/2014 16:00:00,91.38
07/07/2014 16:00:00,90.79
08/07/2014 16:00:00,90.12
09/07/2014 16:00:00,89.16
10/07/2014 16:00:00,88.12
11/07/2014 16:00:00,88.53
14/07/2014 16:00:00,88.51
15/07/2014 16:00:00,88.56
16/07/2014 16:00:00,89.45
17/07/2014 16:00:00,87.43
18/07/2014 16:00:00,87.63
21/07/2014 16:00:00,87.64
22/07/2014 16:00:00,88.4
23/07/2014 16:00:00,87.45
24/07/2014 16:00:00,86.98
25/07/2014 16:00:00,86.17
28/07/2014 16:00:00,86.01
29/07/2014 16:00:00,85.83
30/07/2014 16:00:00,85.43
31/07/2014 16:00:00,85.11
01/08/2014 16:00:00,84.96
04/08/2014 16:00:00,85.27
05/08/2014 16:00:00,85.29
06/08/2014 16:00:00,85.41
07/08/2014 16:00:00,85.37
08/08/2014 16:00:00,86.98
11/08/2014 16:00:00,87.16
12/08/2014 16:00:00,86.48
13/08/2014 16:00:00,84.49
14/08/2014 16:00:00,84.89
15/08/2014 16:00:00,84.8
18/08/2014 16:00:00,86.11
19/08/2014 16:00:00,85.71
20/08/2014 16:00:00,85.87
21/08/2014 16:00:00,86.21
22/08/2014 16:00:00,84.76
25/08/2014 16:00:00,85.11
26/08/2014 16:00:00,84.1
27/08/2014 16:00:00,83.85
28/08/2014 16:00:00,83.97
29/08/2014 16:00:00,84.09
02/09/2014 16:00:00,83.77
03/09/2014 16:00:00,83.17
04/09/2014 16:00:00,83.11
05/09/2014 16:00:00,82.79
08/09/2014 16:00:00,82.93
09/09/2014 16:00:00,82.25
10/09/2014 16:00:00,81.98
11/09/2014 16:00:00,82.08
12/09/2014 16:00:00,81.95
15/09/2014 16:00:00,82.68
16/09/2014 16:00:00,82.93
17/09/2014 16:00:00,83.57
18/09/2014 16:00:00,84.15
19/09/2014 16:00:00,83.64
22/09/2014 16:00:00,83.74
23/09/2014 16:00:00,83.32
24/09/2014 16:00:00,83.77
25/09/2014 16:00:00,83.13
26/09/2014 16:00:00,82.83
29/09/2014 16:00:00,82.34
30/09/2014 16:00:00,81.99
01/10/2014 16:00:00,81.55
02/10/2014 16:00:00,81.71
03/10/2014 16:00:00,82.16
06/10/2014 16:00:00,82.84
07/10/2014 16:00:00,80.01
08/10/2014 16:00:00,81.31
09/10/2014 16:00:00,81.15
10/10/2014 16:00:00,80.98
13/10/2014 16:00:00,81.65
14/10/2014 16:00:00,84.36
15/10/2014 16:00:00,84.93
16/10/2014 16:00:00,84.12
17/10/2014 16:00:00,83.29
20/10/2014 16:00:00,82.2
21/10/2014 16:00:00,83.78
22/10/2014 16:00:00,83.42
23/10/2014 16:00:00,85.17
24/10/2014 16:00:00,85.43
27/10/2014 16:00:00,84.58
28/10/2014 16:00:00,85.49
29/10/2014 16:00:00,85.15
30/10/2014 16:00:00,85.23
31/10/2014 16:00:00,85.54
03/11/2014 16:00:00,85
04/11/2014 16:00:00,84.55
05/11/2014 16:00:00,84.97
06/11/2014 16:00:00,87.77
07/11/2014 16:00:00,88.66
10/11/2014 16:00:00,88.54
11/11/2014 16:00:00,88.45
12/11/2014 16:00:00,88.27
13/11/2014 16:00:00,87.46
14/11/2014 16:00:00,87.52
17/11/2014 16:00:00,86.81
18/11/2014 16:00:00,87.29
19/11/2014 16:00:00,86.33
20/11/2014 16:00:00,85.37
21/11/2014 16:00:00,87.07
24/11/2014 16:00:00,87.52
25/11/2014 16:00:00,87.79
26/11/2014 16:00:00,86.99
28/11/2014 16:00:00,86.62
01/12/2014 16:00:00,89.58
02/12/2014 16:00:00,88.31
03/12/2014 16:00:00,90.18
04/12/2014 16:00:00,89.57
05/12/2014 16:00:00,89.73
08/12/2014 16:00:00,88.84
09/12/2014 16:00:00,89.2
10/12/2014 16:00:00,87.52
11/12/2014 16:00:00,87.99
12/12/2014 16:00:00,86.41
15/12/2014 16:00:00,87.47
16/12/2014 16:00:00,87.8
17/12/2014 16:00:00,88.74
18/12/2014 16:00:00,89.54
19/12/2014 16:00:00,90.1
22/12/2014 16:00:00,90.24
23/12/2014 16:00:00,90.85
24/12/2014 16:00:00,90.26
26/12/2014 16:00:00,90.24
29/12/2014 16:00:00,90.14
30/12/2014 16:00:00,89.46
31/12/2014 16:00:00,88.47
02/01/2015 16:00:00,88.34
05/01/2015 16:00:00,86.45
06/01/2015 16:00:00,85.73
07/01/2015 16:00:00,85.36
08/01/2015 16:00:00,86.49
09/01/2015 16:00:00,85.65
12/01/2015 16:00:00,85.45
13/01/2015 16:00:00,85.89
14/01/2015 16:00:00,86.48
15/01/2015 16:00:00,87.2
16/01/2015 16:00:00,87.3
20/01/2015 16:00:00,87.13
21/01/2015 16:00:00,87.63
22/01/2015 16:00:00,89.51
23/01/2015 16:00:00,88.35
26/01/2015 16:00:00,88.43
27/01/2015 16:00:00,86.04
28/01/2015 16:00:00,84.58
29/01/2015 16:00:00,85.91
30/01/2015 16:00:00,85.19
02/02/2015 16:00:00,86.64
03/02/2015 16:00:00,88.63
04/02/2015 16:00:00,88.68
05/02/2015 16:00:00,89.12
06/02/2015 16:00:00,88.98
09/02/2015 16:00:00,88.95
10/02/2015 16:00:00,88.75
11/02/2015 16:00:00,88.82
12/02/2015 16:00:00,89.37
13/02/2015 16:00:00,90.04
17/02/2015 16:00:00,89.92
18/02/2015 16:00:00,92.75
19/02/2015 16:00:00,91.71
20/02/2015 16:00:00,92.43
23/02/2015 16:00:00,90.98
24/02/2015 16:00:00,91.5
25/02/2015 16:00:00,91.62
26/02/2015 16:00:00,91.18
27/02/2015 16:00:00,90.6
02/03/2015 16:00:00,91.03
03/03/2015 16:00:00,91.27
04/03/2015 16:00:00,90.45
05/03/2015 16:00:00,90.46
06/03/2015 16:00:00,90.26
09/03/2015 16:00:00,92.02
10/03/2015 16:00:00,90.99
11/03/2015 16:00:00,90.23
12/03/2015 16:00:00,90.18
13/03/2015 16:00:00,89.49
16/03/2015 16:00:00,89.14
17/03/2015 16:00:00,88.63
18/03/2015 16:00:00,89.32
19/03/2015 16:00:00,88.08
20/03/2015 16:00:00,89.18
23/03/2015 16:00:00,89.39
24/03/2015 16:00:00,88.47
25/03/2015 16:00:00,88.3
26/03/2015 16:00:00,88.01
27/03/2015 16:00:00,87.46
30/03/2015 16:00:00,88.61
31/03/2015 16:00:00,87.69
01/04/2015 16:00:00,87.6
02/04/2015 16:00:00,87.98
06/04/2015 16:00:00,88.48
07/04/2015 16:00:00,88.44
08/04/2015 16:00:00,87.85
09/04/2015 16:00:00,88.45
10/04/2015 16:00:00,89.07
13/04/2015 16:00:00,88
14/04/2015 16:00:00,87.92
15/04/2015 16:00:00,89.34
16/04/2015 16:00:00,88.94
17/04/2015 16:00:00,87.51
20/04/2015 16:00:00,88.9
21/04/2015 16:00:00,87.92
22/04/2015 16:00:00,88.1
23/04/2015 16:00:00,88.59
24/04/2015 16:00:00,88.39
27/04/2015 16:00:00,88.93
28/04/2015 16:00:00,88.89
29/04/2015 16:00:00,89.87
30/04/2015 16:00:00,90.52
01/05/2015 16:00:00,91.39
04/05/2015 16:00:00,90.89
05/05/2015 16:00:00,90.14
06/05/2015 16:00:00,89.97
07/05/2015 16:00:00,89.63
08/05/2015 16:00:00,89.89
11/05/2015 16:00:00,91.14
12/05/2015 16:00:00,90.41
13/05/2015 16:00:00,90.64
14/05/2015 16:00:00,92.21
15/05/2015 16:00:00,89.13
18/05/2015 16:00:00,89.18
19/05/2015 16:00:00,89.17
20/05/2015 16:00:00,88.98
21/05/2015 16:00:00,89.46
22/05/2015 16:00:00,93.35
26/05/2015 16:00:00,93.8
27/05/2015 16:00:00,94.36
28/05/2015 16:00:00,93.5
29/05/2015 16:00:00,93.68
01/06/2015 16:00:00,92.64
02/06/2015 16:00:00,92.75
03/06/2015 16:00:00,92.74
04/06/2015 16:00:00,91.87
05/06/2015 16:00:00,92.13
08/06/2015 16:00:00,91.61
09/06/2015 16:00:00,91.85
10/06/2015 16:00:00,92.94
11/06/2015 16:00:00,93.21
12/06/2015 16:00:00,92.56
15/06/2015 16:00:00,92.46
16/06/2015 16:00:00,92.12
17/06/2015 16:00:00,92.25
18/06/2015 16:00:00,92.6
19/06/2015 16:00:00,92.56
22/06/2015 16:00:00,93.55
23/06/2015 16:00:00,93.68
24/06/2015 16:00:00,94
25/06/2015 16:00:00,94
26/06/2015 16:00:00,96.44
29/06/2015 16:00:00,94.96
30/06/2015 16:00:00,97.05
01/07/2015 16:00:00,96.19
02/07/2015 16:00:00,96.35
06/07/2015 16:00:00,95.57
07/07/2015 16:00:00,96.28
08/07/2015 16:00:00,94.96
09/07/2015 16:00:00,94.54
10/07/2015 16:00:00,95.17
13/07/2015 16:00:00,96.27
14/07/2015 16:00:00,96.4
15/07/2015 16:00:00,96.52
16/07/2015 16:00:00,97.33
17/07/2015 16:00:00,96.97
20/07/2015 16:00:00,96.22
21/07/2015 16:00:00,95.51
22/07/2015 16:00:00,94.82
23/07/2015 16:00:00,93.26
24/07/2015 16:00:00,92.42
27/07/2015 16:00:00,91.25
28/07/2015 16:00:00,92.47
29/07/2015 16:00:00,93.63
30/07/2015 16:00:00,93.51
31/07/2015 16:00:00,94.57
03/08/2015 16:00:00,93.42
04/08/2015 16:00:00,93.11
05/08/2015 16:00:00,95.52
06/08/2015 16:00:00,95.6
07/08/2015 16:00:00,95.85
10/08/2015 16:00:00,97.14
11/08/2015 16:00:00,96.24
12/08/2015 16:00:00,93.64
13/08/2015 16:00:00,93.1
14/08/2015 16:00:00,94.34
17/08/2015 16:00:00,94.18
18/08/2015 16:00:00,93.91
19/08/2015 16:00:00,91.98
20/08/2015 16:00:00,90.65
21/08/2015 16:00:00,83.29
24/08/2015 16:00:00,80.77
25/08/2015 16:00:00,79.09
26/08/2015 16:00:00,81.23
27/08/2015 16:00:00,82.39
28/08/2015 16:00:00,82.47
31/08/2015 16:00:00,81.78
01/09/2015 16:00:00,80
02/09/2015 16:00:00,80.78
03/09/2015 16:00:00,80.99
04/09/2015 16:00:00,79.22
08/09/2015 16:00:00,80.1
09/09/2015 16:00:00,79.57
10/09/2015 16:00:00,80.07
11/09/2015 16:00:00,79.25
14/09/2015 16:00:00,79.68
15/09/2015 16:00:00,81.41
16/09/2015 16:00:00,81.35
17/09/2015 16:00:00,80.43
18/09/2015 16:00:00,79.54
21/09/2015 16:00:00,79.16
22/09/2015 16:00:00,78.84
23/09/2015 16:00:00,77.69
24/09/2015 16:00:00,75.76
25/09/2015 16:00:00,75.81
28/09/2015 16:00:00,73.76
29/09/2015 16:00:00,73.62
30/09/2015 16:00:00,74
01/10/2015 16:00:00,72.89
02/10/2015 16:00:00,73.57
05/10/2015 16:00:00,78.21
06/10/2015 16:00:00,78.44
07/10/2015 16:00:00,78.89
08/10/2015 16:00:00,80.91
09/10/2015 16:00:00,79.87
12/10/2015 16:00:00,78.43
13/10/2015 16:00:00,76.93
14/10/2015 16:00:00,76.28
15/10/2015 16:00:00,76.23
16/10/2015 16:00:00,76
19/10/2015 16:00:00,75.97
20/10/2015 16:00:00,76.39
21/10/2015 16:00:00,76.65
22/10/2015 16:00:00,79.35
23/10/2015 16:00:00,80.26
26/10/2015 16:00:00,77.51
27/10/2015 16:00:00,76.12
28/10/2015 16:00:00,78.95
29/10/2015 16:00:00,78.24
30/10/2015 16:00:00,78
02/11/2015 16:00:00,80.19
03/11/2015 16:00:00,79.54
04/11/2015 16:00:00,78.24
05/11/2015 16:00:00,77.93
06/11/2015 16:00:00,77.51
09/11/2015 16:00:00,76.24
10/11/2015 16:00:00,76.27
11/11/2015 16:00:00,75.05
12/11/2015 16:00:00,73.27
13/11/2015 16:00:00,74.65
16/11/2015 16:00:00,74.71
17/11/2015 16:00:00,73.8
18/11/2015 16:00:00,74.52
19/11/2015 16:00:00,74.94
20/11/2015 16:00:00,75.48
23/11/2015 16:00:00,74.61
24/11/2015 16:00:00,76.34
25/11/2015 16:00:00,80
27/11/2015 16:00:00,79.09
30/11/2015 16:00:00,79.57
01/12/2015 16:00:00,79.49
02/12/2015 16:00:00,79.33
03/12/2015 16:00:00,78.3
04/12/2015 16:00:00,79.59
07/12/2015 16:00:00,79.1
08/12/2015 16:00:00,79.25
09/12/2015 16:00:00,79.24
10/12/2015 16:00:00,78.6
11/12/2015 16:00:00,77.16
14/12/2015 16:00:00,78.94
15/12/2015 16:00:00,77.25
16/12/2015 16:00:00,78.19
17/12/2015 16:00:00,76.91
18/12/2015 16:00:00,74.97
21/12/2015 16:00:00,75.71
22/12/2015 16:00:00,77.59
23/12/2015 16:00:00,79.22
24/12/2015 16:00:00,78.79
28/12/2015 16:00:00,77.97
29/12/2015 16:00:00,77.64
30/12/2015 16:00:00,77.5
31/12/2015 16:00:00,76.27
04/01/2016 16:00:00,76.08
05/01/2016 16:00:00,76.52
06/01/2016 16:00:00,75.66
07/01/2016 16:00:00,74.99
08/01/2016 16:00:00,73.76
11/01/2016 16:00:00,74.15
12/01/2016 16:00:00,74.52
13/01/2016 16:00:00,73.22
14/01/2016 16:00:00,73.6
15/01/2016 16:00:00,73.12
19/01/2016 16:00:00,72.46
20/01/2016 16:00:00,72
21/01/2016 16:00:00,73.03
22/01/2016 16:00:00,74.61
25/01/2016 16:00:00,71.78
26/01/2016 16:00:00,73.57
27/01/2016 16:00:00,73.63
28/01/2016 16:00:00,74.81
29/01/2016 16:00:00,77.01
01/02/2016 16:00:00,76.8
02/02/2016 16:00:00,74.58
03/02/2016 16:00:00,75.41
04/02/2016 16:00:00,78.7
05/02/2016 16:00:00,78.42
08/02/2016 16:00:00,77.07
09/02/2016 16:00:00,78.08
10/02/2016 16:00:00,77.41
11/02/2016 16:00:00,76.41
12/02/2016 16:00:00,78.27
16/02/2016 16:00:00,79.81
17/02/2016 16:00:00,81.43
18/02/2016 16:00:00,80.33
19/02/2016 16:00:00,77
22/02/2016 16:00:00,78.4
23/02/2016 16:00:00,77.14
24/02/2016 16:00:00,79
25/02/2016 16:00:00,79.6
26/02/2016 16:00:00,79.47
29/02/2016 16:00:00,80.18
01/03/2016 16:00:00,81.05
02/03/2016 16:00:00,81.84
03/03/2016 16:00:00,83.67
04/03/2016 16:00:00,84.88
07/03/2016 16:00:00,85.68
08/03/2016 16:00:00,83.85
09/03/2016 16:00:00,83.04
10/03/2016 16:00:00,82.38
11/03/2016 16:00:00,82.95
14/03/2016 16:00:00,81.85
15/03/2016 16:00:00,80.65
16/03/2016 16:00:00,81.41
17/03/2016 16:00:00,83.06
18/03/2016 16:00:00,82.63
21/03/2016 16:00:00,82.72
22/03/2016 16:00:00,82.26
23/03/2016 16:00:00,80.84
24/03/2016 16:00:00,80.24
28/03/2016 16:00:00,80.17
29/03/2016 16:00:00,80.5
30/03/2016 16:00:00,80.12
31/03/2016 16:00:00,76.99
01/04/2016 16:00:00,76.5
04/04/2016 16:00:00,75.9
05/04/2016 16:00:00,76.07
06/04/2016 16:00:00,76.34
07/04/2016 16:00:00,76.18
08/04/2016 16:00:00,76.31
11/04/2016 16:00:00,75.75
12/04/2016 16:00:00,76.6
13/04/2016 16:00:00,78.46
14/04/2016 16:00:00,77.66
15/04/2016 16:00:00,77.44
18/04/2016 16:00:00,78.32
19/04/2016 16:00:00,82.36
20/04/2016 16:00:00,84.26
21/04/2016 16:00:00,82.8
22/04/2016 16:00:00,82.8
25/04/2016 16:00:00,82.41
26/04/2016 16:00:00,83.42
27/04/2016 16:00:00,84.71
28/04/2016 16:00:00,83.93
29/04/2016 16:00:00,84.11
02/05/2016 16:00:00,84.29
03/05/2016 16:00:00,83.4
04/05/2016 16:00:00,82.18
05/05/2016 16:00:00,81.2
06/05/2016 16:00:00,81.45
09/05/2016 16:00:00,80.58
10/05/2016 16:00:00,83.81
11/05/2016 16:00:00,83.9
12/05/2016 16:00:00,84.15
13/05/2016 16:00:00,82.47
16/05/2016 16:00:00,83.63
17/05/2016 16:00:00,83.2
18/05/2016 16:00:00,82.6
19/05/2016 16:00:00,82.25
20/05/2016 16:00:00,77.74
23/05/2016 16:00:00,77.88
24/05/2016 16:00:00,79.64
25/05/2016 16:00:00,80.49
26/05/2016 16:00:00,80.27
27/05/2016 16:00:00,80.5
31/05/2016 16:00:00,82.29
01/06/2016 16:00:00,82.83
02/06/2016 16:00:00,84.06
03/06/2016 16:00:00,85.57
06/06/2016 16:00:00,87.48
07/06/2016 16:00:00,87.31
08/06/2016 16:00:00,87.18
09/06/2016 16:00:00,86.95
10/06/2016 16:00:00,85.67
13/06/2016 16:00:00,85.32
14/06/2016 16:00:00,85.15
15/06/2016 16:00:00,84.83
16/06/2016 16:00:00,85.12
17/06/2016 16:00:00,86
20/06/2016 16:00:00,85.59
21/06/2016 16:00:00,84.09
22/06/2016 16:00:00,83.92
23/06/2016 16:00:00,84.29
24/06/2016 16:00:00,81.72
27/06/2016 16:00:00,80.58
28/06/2016 16:00:00,81.38
29/06/2016 16:00:00,81.51
30/06/2016 16:00:00,81.04
01/07/2016 16:00:00,80.9
05/07/2016 16:00:00,79.17
06/07/2016 16:00:00,79.47
07/07/2016 16:00:00,79.37
08/07/2016 16:00:00,80.97
11/07/2016 16:00:00,80.99
12/07/2016 16:00:00,82.42
13/07/2016 16:00:00,82.96
14/07/2016 16:00:00,83.64
15/07/2016 16:00:00,83.41
18/07/2016 16:00:00,83.82
19/07/2016 16:00:00,83.26
20/07/2016 16:00:00,82.81
21/07/2016 16:00:00,82.22
22/07/2016 16:00:00,80.12
25/07/2016 16:00:00,77.92
26/07/2016 16:00:00,78.99
27/07/2016 16:00:00,78.45
28/07/2016 16:00:00,78.17
29/07/2016 16:00:00,77.71
01/08/2016 16:00:00,77.69
02/08/2016 16:00:00,77.7
03/08/2016 16:00:00,78.31
04/08/2016 16:00:00,77.74
05/08/2016 16:00:00,78.34
08/08/2016 16:00:00,78.92
09/08/2016 16:00:00,78.89
10/08/2016 16:00:00,78.15
11/08/2016 16:00:00,77.99
12/08/2016 16:00:00,77
15/08/2016 16:00:00,78.28
16/08/2016 16:00:00,78.15
17/08/2016 16:00:00,77.43
18/08/2016 16:00:00,76.94
19/08/2016 16:00:00,87.32
22/08/2016 16:00:00,87.96
23/08/2016 16:00:00,88.09
24/08/2016 16:00:00,87.42
25/08/2016 16:00:00,87.29
26/08/2016 16:00:00,86.74
29/08/2016 16:00:00,86.93
30/08/2016 16:00:00,85.72
31/08/2016 16:00:00,84.55
01/09/2016 16:00:00,83.55
02/09/2016 16:00:00,84.05
06/09/2016 16:00:00,84.47
07/09/2016 16:00:00,84.02
08/09/2016 16:00:00,83.58
09/09/2016 16:00:00,82.23
12/09/2016 16:00:00,83.09
13/09/2016 16:00:00,81.09
14/09/2016 16:00:00,80.57
15/09/2016 16:00:00,81.61
16/09/2016 16:00:00,81.95
19/09/2016 16:00:00,82.11
20/09/2016 16:00:00,82.47
21/09/2016 16:00:00,83.05
22/09/2016 16:00:00,84.16
23/09/2016 16:00:00,83.34
26/09/2016 16:00:00,83.58
27/09/2016 16:00:00,83.05
28/09/2016 16:00:00,84.09
29/09/2016 16:00:00,83.86
30/09/2016 16:00:00,85.35
03/10/2016 16:00:00,85.35
04/10/2016 16:00:00,84.7
05/10/2016 16:00:00,85.12
06/10/2016 16:00:00,85.29
07/10/2016 16:00:00,86.3
10/10/2016 16:00:00,87.49
11/10/2016 16:00:00,87.05
12/10/2016 16:00:00,86.94
13/10/2016 16:00:00,86.34
14/10/2016 16:00:00,86.4
17/10/2016 16:00:00,86.47
18/10/2016 16:00:00,86.61
19/10/2016 16:00:00,86.56
20/10/2016 16:00:00,86.11
21/10/2016 16:00:00,86.43
24/10/2016 16:00:00,86.7
25/10/2016 16:00:00,86.52
26/10/2016 16:00:00,87.04
27/10/2016 16:00:00,87
28/10/2016 16:00:00,87.17
31/10/2016 16:00:00,88.3
01/11/2016 16:00:00,88.09
02/11/2016 16:00:00,88.16
03/11/2016 16:00:00,88.3
04/11/2016 16:00:00,88.06
07/11/2016 16:00:00,89
08/11/2016 16:00:00,88.99
09/11/2016 16:00:00,90.11
10/11/2016 16:00:00,90.7
11/11/2016 16:00:00,91.1
14/11/2016 16:00:00,91.62
15/11/2016 16:00:00,91.25
16/11/2016 16:00:00,91.25
17/11/2016 16:00:00,91.77
18/11/2016 16:00:00,91.96
21/11/2016 16:00:00,92.3
22/11/2016 16:00:00,92.01
23/11/2016 16:00:00,102.17
25/11/2016 16:00:00,103.92
28/11/2016 16:00:00,101.7
29/11/2016 16:00:00,100.35
30/11/2016 16:00:00,100.2
01/12/2016 16:00:00,102.7
02/12/2016 16:00:00,101.5
05/12/2016 16:00:00,101.29
06/12/2016 16:00:00,102.52
07/12/2016 16:00:00,102.86
08/12/2016 16:00:00,103.92
09/12/2016 16:00:00,103.62
12/12/2016 16:00:00,102.42
13/12/2016 16:00:00,101.33
14/12/2016 16:00:00,100.55
15/12/2016 16:00:00,101.4
16/12/2016 16:00:00,101.76
19/12/2016 16:00:00,102.25
20/12/2016 16:00:00,103.64
21/12/2016 16:00:00,103.09
22/12/2016 16:00:00,103.09
23/12/2016 16:00:00,103.12
27/12/2016 16:00:00,103.9
28/12/2016 16:00:00,103.41
29/12/2016 16:00:00,103.21
30/12/2016 16:00:00,103.04
03/01/2017 16:00:00,104.05
04/01/2017 16:00:00,105.82
05/01/2017 16:00:00,105.35
06/01/2017 16:00:00,106.49
09/01/2017 16:00:00,105.19
10/01/2017 16:00:00,104.89
11/01/2017 16:00:00,105.71
12/01/2017 16:00:00,105.17
13/01/2017 16:00:00,105.79
17/01/2017 16:00:00,104.34
18/01/2017 16:00:00,105.24
19/01/2017 16:00:00,105.02
20/01/2017 16:00:00,106.74
23/01/2017 16:00:00,107.12
24/01/2017 16:00:00,107.67
25/01/2017 16:00:00,108.06
26/01/2017 16:00:00,107.63
27/01/2017 16:00:00,107.99
30/01/2017 16:00:00,107.06
31/01/2017 16:00:00,107.05
01/02/2017 16:00:00,107.15
02/02/2017 16:00:00,107.43
03/02/2017 16:00:00,107.99
06/02/2017 16:00:00,108.06
07/02/2017 16:00:00,108.76
08/02/2017 16:00:00,108.41
09/02/2017 16:00:00,109.12
10/02/2017 16:00:00,110.24
13/02/2017 16:00:00,110.75
14/02/2017 16:00:00,110.05
15/02/2017 16:00:00,109.12
16/02/2017 16:00:00,109.17
17/02/2017 16:00:00,110.27
21/02/2017 16:00:00,109.61
22/02/2017 16:00:00,109.65
23/02/2017 16:00:00,107.73
24/02/2017 16:00:00,108.62
27/02/2017 16:00:00,109.51
28/02/2017 16:00:00,109.49
01/03/2017 16:00:00,111.22
02/03/2017 16:00:00,109.54
03/03/2017 16:00:00,110.83
06/03/2017 16:00:00,110.84
07/03/2017 16:00:00,110.24
08/03/2017 16:00:00,110.47
09/03/2017 16:00:00,109.58
10/03/2017 16:00:00,109.92
13/03/2017 16:00:00,109.88
14/03/2017 16:00:00,109.21
15/03/2017 16:00:00,110.79
16/03/2017 16:00:00,110.73
17/03/2017 16:00:00,110.45
20/03/2017 16:00:00,110.88
21/03/2017 16:00:00,109.61
22/03/2017 16:00:00,109.77
23/03/2017 16:00:00,109.53
24/03/2017 16:00:00,108.98
27/03/2017 16:00:00,107.16
28/03/2017 16:00:00,108.33
29/03/2017 16:00:00,108.18
30/03/2017 16:00:00,109.17
31/03/2017 16:00:00,108.86
03/04/2017 16:00:00,108.78
04/04/2017 16:00:00,109.5
05/04/2017 16:00:00,109.25
06/04/2017 16:00:00,110.44
07/04/2017 16:00:00,109.32
10/04/2017 16:00:00,109.63
11/04/2017 16:00:00,111.16
12/04/2017 16:00:00,109.35
13/04/2017 16:00:00,108
17/04/2017 16:00:00,108.8
18/04/2017 16:00:00,108.47
19/04/2017 16:00:00,108.22
20/04/2017 16:00:00,108.8
21/04/2017 16:00:00,107.54
24/04/2017 16:00:00,110.25
25/04/2017 16:00:00,113.15
26/04/2017 16:00:00,112.55
27/04/2017 16:00:00,111.18
28/04/2017 16:00:00,111.61
01/05/2017 16:00:00,111.97
02/05/2017 16:00:00,110.93
03/05/2017 16:00:00,110.79
04/05/2017 16:00:00,112.03
05/05/2017 16:00:00,113.11
08/05/2017 16:00:00,112.64
09/05/2017 16:00:00,113.58
10/05/2017 16:00:00,113.55
11/05/2017 16:00:00,113.47
12/05/2017 16:00:00,113.11
15/05/2017 16:00:00,113.8
16/05/2017 16:00:00,114.8
17/05/2017 16:00:00,113.23
18/05/2017 16:00:00,112.67
19/05/2017 16:00:00,120.9
22/05/2017 16:00:00,121.71
23/05/2017 16:00:00,122.13
24/05/2017 16:00:00,122.78
25/05/2017 16:00:00,122.43
26/05/2017 16:00:00,122.79
30/05/2017 16:00:00,122.26
31/05/2017 16:00:00,122.46
01/06/2017 16:00:00,124.7
02/06/2017 16:00:00,124.91
05/06/2017 16:00:00,125.33
06/06/2017 16:00:00,125.05
07/06/2017 16:00:00,125.29
08/06/2017 16:00:00,126
09/06/2017 16:00:00,125.95
12/06/2017 16:00:00,126
13/06/2017 16:00:00,126.42
14/06/2017 16:00:00,126.43
15/06/2017 16:00:00,126.37
16/06/2017 16:00:00,127.9
19/06/2017 16:00:00,126.99
20/06/2017 16:00:00,126.04
21/06/2017 16:00:00,124.78
22/06/2017 16:00:00,123.86
23/06/2017 16:00:00,123.6
26/06/2017 16:00:00,123.35
27/06/2017 16:00:00,122
28/06/2017 16:00:00,123.47
29/06/2017 16:00:00,121.91
30/06/2017 16:00:00,123.59
03/07/2017 16:00:00,124.95
05/07/2017 16:00:00,125.6
06/07/2017 16:00:00,125.09
07/07/2017 16:00:00,126.64
10/07/2017 16:00:00,128.14
11/07/2017 16:00:00,128.06
12/07/2017 16:00:00,123.48
13/07/2017 16:00:00,124.42
14/07/2017 16:00:00,125.47
17/07/2017 16:00:00,125.88
18/07/2017 16:00:00,126.09
19/07/2017 16:00:00,126.31
20/07/2017 16:00:00,125.6
21/07/2017 16:00:00,125.75
24/07/2017 16:00:00,126.55
25/07/2017 16:00:00,127.9
26/07/2017 16:00:00,127.82
27/07/2017 16:00:00,128.44
28/07/2017 16:00:00,128.91
31/07/2017 16:00:00,128.28
01/08/2017 16:00:00,129.02
02/08/2017 16:00:00,128.98
03/08/2017 16:00:00,129.51
04/08/2017 16:00:00,129.75
07/08/2017 16:00:00,129.96
08/08/2017 16:00:00,132.02
09/08/2017 16:00:00,132.41
10/08/2017 16:00:00,127.78
11/08/2017 16:00:00,126.7
14/08/2017 16:00:00,128.57
15/08/2017 16:00:00,127.18
16/08/2017 16:00:00,126.63
17/08/2017 16:00:00,123.98
18/08/2017 16:00:00,117.31
21/08/2017 16:00:00,116.52
22/08/2017 16:00:00,117.48
23/08/2017 16:00:00,116.45
24/08/2017 16:00:00,115.44
25/08/2017 16:00:00,115.84
28/08/2017 16:00:00,115.96
29/08/2017 16:00:00,115.89
30/08/2017 16:00:00,115.49
31/08/2017 16:00:00,115.93
01/09/2017 16:00:00,116.14
05/09/2017 16:00:00,115.53
06/09/2017 16:00:00,116.22
07/09/2017 16:00:00,116.33
08/09/2017 16:00:00,117.3
11/09/2017 16:00:00,117.93
12/09/2017 16:00:00,117.26
13/09/2017 16:00:00,117.37
14/09/2017 16:00:00,118.37
15/09/2017 16:00:00,119.01
18/09/2017 16:00:00,119.89
19/09/2017 16:00:00,123.08
20/09/2017 16:00:00,123.95
21/09/2017 16:00:00,124.78
22/09/2017 16:00:00,123.75
25/09/2017 16:00:00,123.77
26/09/2017 16:00:00,123.28
27/09/2017 16:00:00,123.32
28/09/2017 16:00:00,123.66
29/09/2017 16:00:00,125.59
02/10/2017 16:00:00,127.29
03/10/2017 16:00:00,128.1
04/10/2017 16:00:00,128.33
05/10/2017 16:00:00,128.01
06/10/2017 16:00:00,128.13
09/10/2017 16:00:00,128.64
10/10/2017 16:00:00,128.25
11/10/2017 16:00:00,127.77
12/10/2017 16:00:00,128.5
13/10/2017 16:00:00,127.91
16/10/2017 16:00:00,127.72
17/10/2017 16:00:00,128.69
18/10/2017 16:00:00,128.72
19/10/2017 16:00:00,128.52
20/10/2017 16:00:00,129.15
23/10/2017 16:00:00,129.59
24/10/2017 16:00:00,131.02
25/10/2017 16:00:00,130.56
26/10/2017 16:00:00,132.14
27/10/2017 16:00:00,133.25
30/10/2017 16:00:00,132.3
31/10/2017 16:00:00,132.88
01/11/2017 16:00:00,134.27
02/11/2017 16:00:00,134.44
03/11/2017 16:00:00,135.03
06/11/2017 16:00:00,135.31
07/11/2017 16:00:00,135.71
08/11/2017 16:00:00,134.64
09/11/2017 16:00:00,131.28
10/11/2017 16:00:00,132.23
13/11/2017 16:00:00,131.91
14/11/2017 16:00:00,132.88
15/11/2017 16:00:00,132.27
16/11/2017 16:00:00,134.61
17/11/2017 16:00:00,135.77
20/11/2017 16:00:00,136.92
21/11/2017 16:00:00,139.23
22/11/2017 16:00:00,145.25
24/11/2017 13:00:00,145.5
27/11/2017 16:00:00,148.77
28/11/2017 16:00:00,149.38
29/11/2017 16:00:00,148.44
30/11/2017 16:00:00,149.86
01/12/2017 16:00:00,149.94
04/12/2017 16:00:00,150.97
05/12/2017 16:00:00,150.67
06/12/2017 16:00:00,149.45
07/12/2017 16:00:00,151.11
08/12/2017 16:00:00,151.58
11/12/2017 16:00:00,151.33
12/12/2017 16:00:00,151.07
13/12/2017 16:00:00,151.95
14/12/2017 16:00:00,149.44
15/12/2017 16:00:00,150.87
18/12/2017 16:00:00,154.04
19/12/2017 16:00:00,154.48
20/12/2017 16:00:00,154.37
21/12/2017 16:00:00,155.86
22/12/2017 16:00:00,157.53
26/12/2017 16:00:00,158.75
27/12/2017 16:00:00,158.58
28/12/2017 16:00:00,157.7
29/12/2017 16:00:00,156.51
02/01/2018 16:00:00,158.01
03/01/2018 16:00:00,158.73
04/01/2018 16:00:00,159.64
05/01/2018 16:00:00,160.32
08/01/2018 16:00:00,161.11
09/01/2018 16:00:00,165.6
10/01/2018 16:00:00,164.94
11/01/2018 16:00:00,167.46
12/01/2018 16:00:00,169.3
16/01/2018 16:00:00,167.54
17/01/2018 16:00:00,167.43
18/01/2018 16:00:00,167.9
19/01/2018 16:00:00,170.32
22/01/2018 16:00:00,170.38
23/01/2018 16:00:00,168.66
24/01/2018 16:00:00,169.6
25/01/2018 16:00:00,169.13
26/01/2018 16:00:00,171.49
29/01/2018 16:00:00,169.18
30/01/2018 16:00:00,168.51
31/01/2018 16:00:00,166.42
01/02/2018 16:00:00,167.85
02/02/2018 16:00:00,164.96
05/02/2018 16:00:00,157.02
06/02/2018 16:00:00,161.88
07/02/2018 16:00:00,161.44
08/02/2018 16:00:00,153.66
09/02/2018 16:00:00,154.93
12/02/2018 16:00:00,159.21
13/02/2018 16:00:00,161.3
14/02/2018 16:00:00,163.28
15/02/2018 16:00:00,166.81
16/02/2018 16:00:00,169.44
20/02/2018 16:00:00,164.77
21/02/2018 16:00:00,162.09
22/02/2018 16:00:00,164.16
23/02/2018 16:00:00,166.24
26/02/2018 16:00:00,167.46
27/02/2018 16:00:00,163.58
28/02/2018 16:00:00,160.87
01/03/2018 16:00:00,156.81
02/03/2018 16:00:00,153.31
05/03/2018 16:00:00,157.54
06/03/2018 16:00:00,158.51
07/03/2018 16:00:00,157.9
08/03/2018 16:00:00,161.06
09/03/2018 16:00:00,167.93
12/03/2018 16:00:00,164.03
13/03/2018 16:00:00,161.32
14/03/2018 16:00:00,160.21
15/03/2018 16:00:00,159.6
16/03/2018 16:00:00,163.88
19/03/2018 16:00:00,159.53
20/03/2018 16:00:00,159.99
21/03/2018 16:00:00,158.05
22/03/2018 16:00:00,151.58
23/03/2018 16:00:00,148
26/03/2018 16:00:00,153.34
27/03/2018 16:00:00,152.16
28/03/2018 16:00:00,151.48
29/03/2018 16:00:00,155.32
02/04/2018 16:00:00,151.82
03/04/2018 16:00:00,153.04
04/04/2018 16:00:00,148.57
05/04/2018 16:00:00,151.34
06/04/2018 16:00:00,145.39
09/04/2018 16:00:00,142.96
10/04/2018 16:00:00,148.01
11/04/2018 16:00:00,144.41
12/04/2018 16:00:00,150.26
13/04/2018 16:00:00,149.98
16/04/2018 16:00:00,148.98
17/04/2018 16:00:00,149.15
18/04/2018 16:00:00,149.77
19/04/2018 16:00:00,148.1
20/04/2018 16:00:00,146.96
23/04/2018 16:00:00,146.04
24/04/2018 16:00:00,138.11
25/04/2018 16:00:00,138
26/04/2018 16:00:00,136.33
27/04/2018 16:00:00,137.56
30/04/2018 16:00:00,135.33
01/05/2018 16:00:00,135.37
02/05/2018 16:00:00,134.75
03/05/2018 16:00:00,136.87
04/05/2018 16:00:00,137.3
07/05/2018 16:00:00,140.22
08/05/2018 16:00:00,142.07
09/05/2018 16:00:00,145.16
10/05/2018 16:00:00,146.61
11/05/2018 16:00:00,147.32
14/05/2018 16:00:00,146.75
15/05/2018 16:00:00,145.53
16/05/2018 16:00:00,147.35
17/05/2018 16:00:00,146.81
18/05/2018 16:00:00,155.25
21/05/2018 16:00:00,158.33
22/05/2018 16:00:00,155.09
23/05/2018 16:00:00,156.58
24/05/2018 16:00:00,158.18
25/05/2018 16:00:00,159
29/05/2018 16:00:00,155.01
30/05/2018 16:00:00,155.08
31/05/2018 16:00:00,155.08
01/06/2018 16:00:00,153.39
04/06/2018 16:00:00,151.54
05/06/2018 16:00:00,154.45
06/06/2018 16:00:00,158.55
07/06/2018 16:00:00,158.65
08/06/2018 16:00:00,157.12
11/06/2018 16:00:00,156.68
12/06/2018 16:00:00,157.59
13/06/2018 16:00:00,153.34
14/06/2018 16:00:00,150.18
15/06/2018 16:00:00,148.75
18/06/2018 16:00:00,147.79
19/06/2018 16:00:00,142.28
20/06/2018 16:00:00,144.35
21/06/2018 16:00:00,142.01
22/06/2018 16:00:00,143.17
25/06/2018 16:00:00,139.65
26/06/2018 16:00:00,139.65
27/06/2018 16:00:00,139.38
28/06/2018 16:00:00,139.42
29/06/2018 16:00:00,139.8
02/07/2018 16:00:00,141.16
03/07/2018 13:00:00,140.24
05/07/2018 16:00:00,139.7
06/07/2018 16:00:00,139.98
09/07/2018 16:00:00,144.42
10/07/2018 16:00:00,144.55
11/07/2018 16:00:00,141.42
12/07/2018 16:00:00,140.8
13/07/2018 16:00:00,137.58
16/07/2018 16:00:00,136.27
17/07/2018 16:00:00,138
18/07/2018 16:00:00,139.21
19/07/2018 16:00:00,140.3
20/07/2018 16:00:00,137.17
23/07/2018 16:00:00,135.53
24/07/2018 16:00:00,139.84
25/07/2018 16:00:00,141.32
26/07/2018 16:00:00,142.73
27/07/2018 16:00:00,140.8
30/07/2018 16:00:00,138.2
31/07/2018 16:00:00,144.79
01/08/2018 16:00:00,141.91
02/08/2018 16:00:00,142.09
03/08/2018 16:00:00,143.36
06/08/2018 16:00:00,143.93
07/08/2018 16:00:00,146.12
08/08/2018 16:00:00,144.81
09/08/2018 16:00:00,139.83
10/08/2018 16:00:00,137.05
13/08/2018 16:00:00,136.91
14/08/2018 16:00:00,138.65
15/08/2018 16:00:00,135.7
16/08/2018 16:00:00,137.35
17/08/2018 16:00:00,140.59
20/08/2018 16:00:00,140.53
21/08/2018 16:00:00,143.83
22/08/2018 16:00:00,142.61
23/08/2018 16:00:00,141.18
24/08/2018 16:00:00,144.76
27/08/2018 16:00:00,146.2
28/08/2018 16:00:00,146.5
29/08/2018 16:00:00,145.99
30/08/2018 16:00:00,143.32
31/08/2018 16:00:00,143.8
04/09/2018 16:00:00,141.7
05/09/2018 16:00:00,144.88
06/09/2018 16:00:00,145.1
07/09/2018 16:00:00,147.63
10/09/2018 16:00:00,148.61
11/09/2018 16:00:00,148.6
12/09/2018 16:00:00,147.78
13/09/2018 16:00:00,148.87
14/09/2018 16:00:00,147.76
17/09/2018 16:00:00,149.04
18/09/2018 16:00:00,149.04
19/09/2018 16:00:00,152.39
20/09/2018 16:00:00,154.07
21/09/2018 16:00:00,152.81
24/09/2018 16:00:00,151.55
25/09/2018 16:00:00,151.29
26/09/2018 16:00:00,152.32
27/09/2018 16:00:00,151.22
28/09/2018 16:00:00,150.33
01/10/2018 16:00:00,150.86
02/10/2018 16:00:00,154.82
03/10/2018 16:00:00,158.21
04/10/2018 16:00:00,158.31
05/10/2018 16:00:00,156.4
08/10/2018 16:00:00,153.82
09/10/2018 16:00:00,150.45
10/10/2018 16:00:00,147.46
11/10/2018 16:00:00,146.47
12/10/2018 16:00:00,148.42
15/10/2018 16:00:00,148.45
16/10/2018 16:00:00,151.96
17/10/2018 16:00:00,151.64
18/10/2018 16:00:00,147.2
19/10/2018 16:00:00,145.91
22/10/2018 16:00:00,145.44
23/10/2018 16:00:00,139.63
24/10/2018 16:00:00,133.89
25/10/2018 16:00:00,136.78
26/10/2018 16:00:00,133
29/10/2018 16:00:00,130.56
30/10/2018 16:00:00,132.76
31/10/2018 16:00:00,135.44
01/11/2018 16:00:00,140.65
02/11/2018 16:00:00,141.72
05/11/2018 16:00:00,142.65
06/11/2018 16:00:00,145.47
07/11/2018 16:00:00,148.43
08/11/2018 16:00:00,146.67
09/11/2018 16:00:00,144.81
12/11/2018 16:00:00,144.57
13/11/2018 16:00:00,147.23
14/11/2018 16:00:00,147.22
15/11/2018 16:00:00,146.7
16/11/2018 16:00:00,147.87
19/11/2018 16:00:00,142.57
20/11/2018 16:00:00,138.52
21/11/2018 16:00:00,141.88
23/11/2018 13:00:00,142.84
26/11/2018 16:00:00,148.92
27/11/2018 16:00:00,147.81
28/11/2018 16:00:00,152.01
29/11/2018 16:00:00,149.97
30/11/2018 16:00:00,154.88
03/12/2018 16:00:00,162.21
04/12/2018 16:00:00,151.59
06/12/2018 16:00:00,154.39
07/12/2018 16:00:00,147.26
10/12/2018 16:00:00,147.03
11/12/2018 16:00:00,147
12/12/2018 16:00:00,148.14
13/12/2018 16:00:00,148.31
14/12/2018 16:00:00,149.01
17/12/2018 16:00:00,146.08
18/12/2018 16:00:00,149.23
19/12/2018 16:00:00,146.08
20/12/2018 16:00:00,144.64
21/12/2018 16:00:00,142.99
24/12/2018 13:00:00,137.38
26/12/2018 16:00:00,143.27
27/12/2018 16:00:00,146.72
28/12/2018 16:00:00,145.28
31/12/2018 16:00:00,149.17
02/01/2019 16:00:00,148.1
03/01/2019 16:00:00,144.05
04/01/2019 16:00:00,151.68
07/01/2019 16:00:00,154.16
08/01/2019 16:00:00,156.92
09/01/2019 16:00:00,154.33
10/01/2019 16:00:00,159.12
11/01/2019 16:00:00,158.28
14/01/2019 16:00:00,157.41
15/01/2019 16:00:00,157.05
16/01/2019 16:00:00,157.41
17/01/2019 16:00:00,160.07
18/01/2019 16:00:00,164.61
22/01/2019 16:00:00,158.84
23/01/2019 16:00:00,157.61
24/01/2019 16:00:00,158.43
25/01/2019 16:00:00,161.5
28/01/2019 16:00:00,156.49
29/01/2019 16:00:00,160.48
30/01/2019 16:00:00,162.91
31/01/2019 16:00:00,164
01/02/2019 16:00:00,163.88
04/02/2019 16:00:00,164.51
05/02/2019 16:00:00,164.21
06/02/2019 16:00:00,163.68
07/02/2019 16:00:00,161.8
08/02/2019 16:00:00,162.75
11/02/2019 16:00:00,161.94
12/02/2019 16:00:00,165.19
13/02/2019 16:00:00,162.7
14/02/2019 16:00:00,162.42
15/02/2019 16:00:00,158.99
19/02/2019 16:00:00,157.26
20/02/2019 16:00:00,159.88
21/02/2019 16:00:00,162.85
22/02/2019 16:00:00,165.97
25/02/2019 16:00:00,164.86
26/02/2019 16:00:00,163.8
27/02/2019 16:00:00,163.59
28/02/2019 16:00:00,164.04
01/03/2019 16:00:00,163.31
04/03/2019 16:00:00,165.82
05/03/2019 16:00:00,161.45
06/03/2019 16:00:00,158.24
07/03/2019 16:00:00,158.02
08/03/2019 16:00:00,159.01
11/03/2019 16:00:00,160.42
12/03/2019 16:00:00,159.14
13/03/2019 16:00:00,159.68
14/03/2019 16:00:00,157.76
15/03/2019 16:00:00,158.15
18/03/2019 16:00:00,160.3
19/03/2019 16:00:00,160.97
20/03/2019 16:00:00,159.66
21/03/2019 16:00:00,159.73
22/03/2019 16:00:00,155.94
25/03/2019 16:00:00,157.33
26/03/2019 16:00:00,157.6
27/03/2019 16:00:00,158.27
28/03/2019 16:00:00,158.08
29/03/2019 16:00:00,159.84
01/04/2019 16:00:00,161.91
02/04/2019 16:00:00,162.12
03/04/2019 16:00:00,163.39
04/04/2019 16:00:00,164.24
05/04/2019 16:00:00,165.03
08/04/2019 16:00:00,165
09/04/2019 16:00:00,158.83
10/04/2019 16:00:00,158.63
11/04/2019 16:00:00,160.16
12/04/2019 16:00:00,161.46
15/04/2019 16:00:00,162.49
16/04/2019 16:00:00,164.56
17/04/2019 16:00:00,165.45
18/04/2019 16:00:00,169.05
22/04/2019 16:00:00,169.15
23/04/2019 16:00:00,167.76
24/04/2019 16:00:00,165.31
25/04/2019 16:00:00,161.81
26/04/2019 16:00:00,165.01
29/04/2019 16:00:00,166.29
30/04/2019 16:00:00,165.63
01/05/2019 16:00:00,164.54
02/05/2019 16:00:00,164.12
03/05/2019 16:00:00,166.91
06/05/2019 16:00:00,160.18
07/05/2019 16:00:00,157.76
08/05/2019 16:00:00,155.59
09/05/2019 16:00:00,155.48
10/05/2019 16:00:00,156.05
13/05/2019 16:00:00,146.28
14/05/2019 16:00:00,147.11
15/05/2019 16:00:00,144.84
16/05/2019 16:00:00,145.99
17/05/2019 16:00:00,134.82
20/05/2019 16:00:00,135.37
21/05/2019 16:00:00,138.89
22/05/2019 16:00:00,138.78
23/05/2019 16:00:00,136.47
24/05/2019 16:00:00,138.95
28/05/2019 16:00:00,137.57
29/05/2019 16:00:00,141.13
30/05/2019 16:00:00,141.68
31/05/2019 16:00:00,140.17
03/06/2019 16:00:00,143.29
04/06/2019 16:00:00,145.62
05/06/2019 16:00:00,146.22
06/06/2019 16:00:00,146.49
07/06/2019 16:00:00,148.71
10/06/2019 16:00:00,149.81
11/06/2019 16:00:00,150
12/06/2019 16:00:00,148.79
13/06/2019 16:00:00,151.53
14/06/2019 16:00:00,151.51
17/06/2019 16:00:00,154.37
18/06/2019 16:00:00,159.38
19/06/2019 16:00:00,159.94
20/06/2019 16:00:00,162.76
21/06/2019 16:00:00,164.28
24/06/2019 16:00:00,166.88
25/06/2019 16:00:00,166.31
26/06/2019 16:00:00,166.12
27/06/2019 16:00:00,164.82
28/06/2019 16:00:00,165.71
01/07/2019 16:00:00,165.14
02/07/2019 16:00:00,165.13
03/07/2019 13:00:00,165.29
05/07/2019 16:00:00,163.42
08/07/2019 16:00:00,163.89
09/07/2019 16:00:00,163.35
10/07/2019 16:00:00,160.81
11/07/2019 16:00:00,161.26
12/07/2019 16:00:00,165.37
15/07/2019 16:00:00,166
16/07/2019 16:00:00,166.15
17/07/2019 16:00:00,163.08
18/07/2019 16:00:00,163.24
19/07/2019 16:00:00,165.61
22/07/2019 16:00:00,165.14
23/07/2019 16:00:00,168.35
24/07/2019 16:00:00,167.18
25/07/2019 16:00:00,166.91
26/07/2019 16:00:00,170.39
29/07/2019 16:00:00,170.26
30/07/2019 16:00:00,170.03
31/07/2019 16:00:00,165.65
01/08/2019 16:00:00,161.21
02/08/2019 16:00:00,158.7
05/08/2019 16:00:00,151.06
06/08/2019 16:00:00,152.78
07/08/2019 16:00:00,151.24
08/08/2019 16:00:00,155.06
09/08/2019 16:00:00,154.84
12/08/2019 16:00:00,147.05
13/08/2019 16:00:00,147.17
14/08/2019 16:00:00,143.17
15/08/2019 16:00:00,143.71
16/08/2019 16:00:00,149.23
19/08/2019 16:00:00,152.39
20/08/2019 16:00:00,152.1
21/08/2019 16:00:00,154.86
22/08/2019 16:00:00,155.37
23/08/2019 16:00:00,147.02
26/08/2019 16:00:00,150.81
27/08/2019 16:00:00,150.1
28/08/2019 16:00:00,152.72
29/08/2019 16:00:00,156.48
30/08/2019 16:00:00,154.91
03/09/2019 16:00:00,150.82
04/09/2019 16:00:00,151.72
05/09/2019 16:00:00,156.3
06/09/2019 16:00:00,156.52
09/09/2019 16:00:00,158.36
10/09/2019 16:00:00,164.04
11/09/2019 16:00:00,165.15
12/09/2019 16:00:00,163.26
13/09/2019 16:00:00,165.42
16/09/2019 16:00:00,164.59
17/09/2019 16:00:00,163.99
18/09/2019 16:00:00,165.38
19/09/2019 16:00:00,164.44
20/09/2019 16:00:00,164.07
23/09/2019 16:00:00,165.21
24/09/2019 16:00:00,165.96
25/09/2019 16:00:00,165.19
26/09/2019 16:00:00,166.41
27/09/2019 16:00:00,166.26
30/09/2019 16:00:00,168.68
01/10/2019 16:00:00,165.5
02/10/2019 16:00:00,163.25
03/10/2019 16:00:00,164.83
04/10/2019 16:00:00,167.69
07/10/2019 16:00:00,166.55
08/10/2019 16:00:00,164.97
09/10/2019 16:00:00,166.43
10/10/2019 16:00:00,167.8
11/10/2019 16:00:00,170.95
14/10/2019 16:00:00,168.93
15/10/2019 16:00:00,172.64
16/10/2019 16:00:00,171.06
17/10/2019 16:00:00,172.14
18/10/2019 16:00:00,173.92
21/10/2019 16:00:00,174.03
22/10/2019 16:00:00,175.15
23/10/2019 16:00:00,175
24/10/2019 16:00:00,172.11
25/10/2019 16:00:00,173.11
28/10/2019 16:00:00,173.35
29/10/2019 16:00:00,174.11
30/10/2019 16:00:00,173.82
31/10/2019 16:00:00,174.14
01/11/2019 16:00:00,176.11
04/11/2019 16:00:00,179.1
05/11/2019 16:00:00,178.92
06/11/2019 16:00:00,175.97
07/11/2019 16:00:00,175.97
08/11/2019 16:00:00,178.36
11/11/2019 16:00:00,179.8
12/11/2019 16:00:00,176.39
13/11/2019 16:00:00,175.67
14/11/2019 16:00:00,174.38
15/11/2019 16:00:00,174.48
18/11/2019 16:00:00,174.91
19/11/2019 16:00:00,173.65
20/11/2019 16:00:00,172.07
21/11/2019 16:00:00,176.03
22/11/2019 16:00:00,175.38
25/11/2019 16:00:00,176.61
26/11/2019 16:00:00,176.65
27/11/2019 16:00:00,169.06
29/11/2019 13:00:00,168.05
02/12/2019 16:00:00,165.29
03/12/2019 16:00:00,163.5
04/12/2019 16:00:00,165.27
05/12/2019 16:00:00,164.58
06/12/2019 16:00:00,165.21
09/12/2019 16:00:00,167.9
10/12/2019 16:00:00,169.9
11/12/2019 16:00:00,169.7
12/12/2019 16:00:00,173.82
13/12/2019 16:00:00,172.5
16/12/2019 16:00:00,172.85
17/12/2019 16:00:00,173.84
18/12/2019 16:00:00,172.61
19/12/2019 16:00:00,172.76
20/12/2019 16:00:00,174.65
23/12/2019 16:00:00,175.05
24/12/2019 13:00:00,174.5
26/12/2019 16:00:00,174.8
27/12/2019 16:00:00,175.81
30/12/2019 16:00:00,174.16
31/12/2019 16:00:00,173.26
02/01/2020 16:00:00,176.86
03/01/2020 16:00:00,175.55
06/01/2020 16:00:00,176.81
07/01/2020 16:00:00,173.74
08/01/2020 16:00:00,175.9
09/01/2020 16:00:00,177.6
10/01/2020 16:00:00,173.43
13/01/2020 16:00:00,174.74
14/01/2020 16:00:00,173.67
15/01/2020 16:00:00,172.92
16/01/2020 16:00:00,175.47
17/01/2020 16:00:00,176.2
21/01/2020 16:00:00,172.56
22/01/2020 16:00:00,171.16
23/01/2020 16:00:00,172.06
24/01/2020 16:00:00,170.12
27/01/2020 16:00:00,163.28
28/01/2020 16:00:00,162.98
29/01/2020 16:00:00,160.16
30/01/2020 16:00:00,161.11
31/01/2020 16:00:00,158.58
03/02/2020 16:00:00,158.29
04/02/2020 16:00:00,164.43
05/02/2020 16:00:00,168.35
06/02/2020 16:00:00,168.86
07/02/2020 16:00:00,167.45
10/02/2020 16:00:00,168.24
11/02/2020 16:00:00,170.26
12/02/2020 16:00:00,171.83
13/02/2020 16:00:00,170.76
14/02/2020 16:00:00,168.07
18/02/2020 16:00:00,166.3
19/02/2020 16:00:00,164.93
20/02/2020 16:00:00,165.83
21/02/2020 16:00:00,177.43
24/02/2020 16:00:00,171.86
25/02/2020 16:00:00,166.65
26/02/2020 16:00:00,166.92
27/02/2020 16:00:00,159.99
28/02/2020 16:00:00,156.48
02/03/2020 16:00:00,163.92
03/03/2020 16:00:00,157.78
04/03/2020 16:00:00,163.07
05/03/2020 16:00:00,159.07
06/03/2020 16:00:00,164.04
09/03/2020 16:00:00,150
10/03/2020 16:00:00,154.99
11/03/2020 16:00:00,145.88
12/03/2020 16:00:00,130.39
13/03/2020 16:00:00,138.96
16/03/2020 16:00:00,120.05
17/03/2020 16:00:00,126.71
18/03/2020 16:00:00,114.21
19/03/2020 16:00:00,119.66
20/03/2020 16:00:00,111.63
23/03/2020 16:00:00,111.15
24/03/2020 16:00:00,126
25/03/2020 16:00:00,128.49
26/03/2020 16:00:00,139.09
27/03/2020 16:00:00,135.11
30/03/2020 16:00:00,141.23
31/03/2020 16:00:00,138.16
01/04/2020 16:00:00,133.67
02/04/2020 16:00:00,139.38
03/04/2020 16:00:00,135.52
06/04/2020 16:00:00,143.49
07/04/2020 16:00:00,142.82
08/04/2020 16:00:00,146.77
09/04/2020 16:00:00,145.75
13/04/2020 16:00:00,139.8
14/04/2020 16:00:00,138.13
15/04/2020 16:00:00,135.31
16/04/2020 16:00:00,129.95
17/04/2020 16:00:00,138.46
20/04/2020 16:00:00,137.3
21/04/2020 16:00:00,134.06
22/04/2020 16:00:00,136.21
23/04/2020 16:00:00,137.11
24/04/2020 16:00:00,138.63
27/04/2020 16:00:00,139.7
28/04/2020 16:00:00,141.56
29/04/2020 16:00:00,147.1
30/04/2020 16:00:00,145.06
01/05/2020 16:00:00,138.19
04/05/2020 16:00:00,132.94
05/05/2020 16:00:00,135.15
06/05/2020 16:00:00,132.13
07/05/2020 16:00:00,136
08/05/2020 16:00:00,137
11/05/2020 16:00:00,134.89
12/05/2020 16:00:00,130.05
13/05/2020 16:00:00,125.82
14/05/2020 16:00:00,126.8
15/05/2020 16:00:00,126.01
18/05/2020 16:00:00,137.9
19/05/2020 16:00:00,136.15
20/05/2020 16:00:00,142.31
21/05/2020 16:00:00,142.81
22/05/2020 16:00:00,140.71
26/05/2020 16:00:00,148.03
27/05/2020 16:00:00,153.36
28/05/2020 16:00:00,153.16
29/05/2020 16:00:00,152.12
01/06/2020 16:00:00,149.14
02/06/2020 16:00:00,152.95
03/06/2020 16:00:00,158.35
04/06/2020 16:00:00,161.14
05/06/2020 16:00:00,166.72
08/06/2020 16:00:00,168.81
09/06/2020 16:00:00,164.81
10/06/2020 16:00:00,161
11/06/2020 16:00:00,151.09
12/06/2020 16:00:00,154.97
15/06/2020 16:00:00,155.47
16/06/2020 16:00:00,158.3
17/06/2020 16:00:00,155.51
18/06/2020 16:00:00,154.87
19/06/2020 16:00:00,154.87
22/06/2020 16:00:00,154.56
23/06/2020 16:00:00,153.96
24/06/2020 16:00:00,150.49
25/06/2020 16:00:00,154.45
26/06/2020 16:00:00,149.04
29/06/2020 16:00:00,153.71
30/06/2020 16:00:00,157.15
01/07/2020 16:00:00,156.85
02/07/2020 16:00:00,157.9
06/07/2020 16:00:00,160.22
07/07/2020 16:00:00,158.7
08/07/2020 16:00:00,158.38
09/07/2020 16:00:00,157.65
10/07/2020 16:00:00,159.09
13/07/2020 16:00:00,163.83
14/07/2020 16:00:00,169.56
15/07/2020 16:00:00,172.39
16/07/2020 16:00:00,173.42
17/07/2020 16:00:00,176.51
20/07/2020 16:00:00,173.81
21/07/2020 16:00:00,175.65
22/07/2020 16:00:00,175.49
23/07/2020 16:00:00,176.73
24/07/2020 16:00:00,175.35
27/07/2020 16:00:00,176
28/07/2020 16:00:00,175.79
29/07/2020 16:00:00,180.25
30/07/2020 16:00:00,178.04
31/07/2020 16:00:00,176.31
03/08/2020 16:00:00,177.62
04/08/2020 16:00:00,178.11
05/08/2020 16:00:00,182.82
06/08/2020 16:00:00,181.26
07/08/2020 16:00:00,183.5
10/08/2020 16:00:00,189.91
11/08/2020 16:00:00,193.22
12/08/2020 16:00:00,192.31
13/08/2020 16:00:00,189.5
14/08/2020 16:00:00,191.13
17/08/2020 16:00:00,192.99
18/08/2020 16:00:00,192.13
19/08/2020 16:00:00,191.99
20/08/2020 16:00:00,191.1
21/08/2020 16:00:00,199.5
24/08/2020 16:00:00,205.4
25/08/2020 16:00:00,205.6
26/08/2020 16:00:00,211.01
27/08/2020 16:00:00,209.83
28/08/2020 16:00:00,209.9
31/08/2020 16:00:00,210.06
01/09/2020 16:00:00,217.69
02/09/2020 16:00:00,217.11
03/09/2020 16:00:00,210.81
04/09/2020 16:00:00,211.34
08/09/2020 16:00:00,210.24
09/09/2020 16:00:00,215.52
10/09/2020 16:00:00,215.11
11/09/2020 16:00:00,215.96
14/09/2020 16:00:00,218.33
15/09/2020 16:00:00,215.77
16/09/2020 16:00:00,215.4
17/09/2020 16:00:00,219.94
18/09/2020 16:00:00,221.97
21/09/2020 16:00:00,214.21
22/09/2020 16:00:00,217.58
23/09/2020 16:00:00,214.55
24/09/2020 16:00:00,216.52
25/09/2020 16:00:00,219.25
28/09/2020 16:00:00,221.9
29/09/2020 16:00:00,220.18
30/09/2020 16:00:00,221.63
01/10/2020 16:00:00,219.04
02/10/2020 16:00:00,224.79
05/10/2020 16:00:00,226.96
06/10/2020 16:00:00,226.12
07/10/2020 16:00:00,230.57
08/10/2020 16:00:00,234.24
09/10/2020 16:00:00,234.81
12/10/2020 16:00:00,236.52
13/10/2020 16:00:00,237.22
14/10/2020 16:00:00,238.47
15/10/2020 16:00:00,238.24
16/10/2020 16:00:00,240.06
19/10/2020 16:00:00,238.17
20/10/2020 16:00:00,238.87
21/10/2020 16:00:00,236.4
22/10/2020 16:00:00,236.88
23/10/2020 16:00:00,239.53
26/10/2020 16:00:00,234.25
27/10/2020 16:00:00,228.51
28/10/2020 16:00:00,223.37
29/10/2020 16:00:00,228.02
30/10/2020 16:00:00,225.91
02/11/2020 16:00:00,231.7
03/11/2020 16:00:00,239.96
04/11/2020 16:00:00,233.3
05/11/2020 16:00:00,246.02
06/11/2020 16:00:00,247.64
09/11/2020 16:00:00,248.87
10/11/2020 16:00:00,253.97
11/11/2020 16:00:00,249.35
12/11/2020 16:00:00,248.01
13/11/2020 16:00:00,251.79
16/11/2020 16:00:00,259.1
17/11/2020 16:00:00,258.21
18/11/2020 16:00:00,257.33
19/11/2020 16:00:00,255.59
20/11/2020 16:00:00,258.56
23/11/2020 16:00:00,261.11
24/11/2020 16:00:00,261.51
25/11/2020 16:00:00,256.43
27/11/2020 13:00:00,261.95
30/11/2020 16:00:00,261.62
01/12/2020 16:00:00,255.13
02/12/2020 16:00:00,259
03/12/2020 16:00:00,252.68
04/12/2020 16:00:00,253.39
07/12/2020 16:00:00,252.01
08/12/2020 16:00:00,252.6
09/12/2020 16:00:00,254.83
10/12/2020 16:00:00,253.45
11/12/2020 16:00:00,255.77
14/12/2020 16:00:00,252.72
15/12/2020 16:00:00,261.99
16/12/2020 16:00:00,261.12
17/12/2020 16:00:00,264.53
18/12/2020 16:00:00,270.7
21/12/2020 16:00:00,267.75
22/12/2020 16:00:00,269.26
23/12/2020 16:00:00,267.94
24/12/2020 13:00:00,269.21
28/12/2020 16:00:00,267.5
29/12/2020 16:00:00,265.34
30/12/2020 16:00:00,266.15
31/12/2020 16:00:00,269.05
04/01/2021 16:00:00,267.64
05/01/2021 16:00:00,274.28
06/01/2021 16:00:00,290.36
07/01/2021 16:00:00,299.73
08/01/2021 16:00:00,293.91
11/01/2021 16:00:00,294.92
12/01/2021 16:00:00,302.09
13/01/2021 16:00:00,301.22
14/01/2021 16:00:00,302.85
15/01/2021 16:00:00,295.4
19/01/2021 16:00:00,294.99
20/01/2021 16:00:00,300.94
21/01/2021 16:00:00,305.5
22/01/2021 16:00:00,305.17
25/01/2021 16:00:00,298.2
26/01/2021 16:00:00,296.01
27/01/2021 16:00:00,280.73
28/01/2021 16:00:00,292.96
29/01/2021 16:00:00,288.8
01/02/2021 16:00:00,292.21
02/02/2021 16:00:00,302.54
03/02/2021 16:00:00,301.14
04/02/2021 16:00:00,309.27
05/02/2021 16:00:00,309.24
08/02/2021 16:00:00,317.04
09/02/2021 16:00:00,315.33
10/02/2021 16:00:00,313.64
11/02/2021 16:00:00,314.46
12/02/2021 16:00:00,313
16/02/2021 16:00:00,317.09
17/02/2021 16:00:00,312.08
18/02/2021 16:00:00,300.25
19/02/2021 16:00:00,330
22/02/2021 16:00:00,337.51
23/02/2021 16:00:00,337.41
24/02/2021 16:00:00,345.66
25/02/2021 16:00:00,348.03
26/02/2021 16:00:00,349.12
01/03/2021 16:00:00,359.51
02/03/2021 16:00:00,351.44
03/03/2021 16:00:00,343.06
04/03/2021 16:00:00,337.95
05/03/2021 16:00:00,349.83
08/03/2021 16:00:00,353.7
09/03/2021 16:00:00,352.69
10/03/2021 16:00:00,361.22
11/03/2021 16:00:00,364.46
12/03/2021 16:00:00,369.49
15/03/2021 16:00:00,374.37
16/03/2021 16:00:00,373.52
17/03/2021 16:00:00,379.26
18/03/2021 16:00:00,380.41
19/03/2021 16:00:00,372.48
22/03/2021 16:00:00,371.59
23/03/2021 16:00:00,357.49
24/03/2021 16:00:00,360.91
25/03/2021 16:00:00,366.8
26/03/2021 16:00:00,372.29
29/03/2021 16:00:00,367.97
30/03/2021 16:00:00,373.92
31/03/2021 16:00:00,374.14
01/04/2021 16:00:00,372.12
05/04/2021 16:00:00,374.81
06/04/2021 16:00:00,375.61
07/04/2021 16:00:00,374.79
08/04/2021 16:00:00,374.07
09/04/2021 16:00:00,377
12/04/2021 16:00:00,378.26
13/04/2021 16:00:00,378.67
14/04/2021 16:00:00,381.5
15/04/2021 16:00:00,382.14
16/04/2021 16:00:00,383.07
19/04/2021 16:00:00,380.72
20/04/2021 16:00:00,370.27
21/04/2021 16:00:00,375.6
22/04/2021 16:00:00,368.36
23/04/2021 16:00:00,376.27
26/04/2021 16:00:00,380.45
27/04/2021 16:00:00,382.36
28/04/2021 16:00:00,379.8
29/04/2021 16:00:00,376.39
30/04/2021 16:00:00,370.85
03/05/2021 16:00:00,373.77
04/05/2021 16:00:00,379.58
05/05/2021 16:00:00,378.86
06/05/2021 16:00:00,389.91
07/05/2021 16:00:00,394.22
10/05/2021 16:00:00,391.4
11/05/2021 16:00:00,383.2
12/05/2021 16:00:00,373.63
13/05/2021 16:00:00,378.11
14/05/2021 16:00:00,384
17/05/2021 16:00:00,383.55
18/05/2021 16:00:00,369.69
19/05/2021 16:00:00,358.42
20/05/2021 16:00:00,355.22
21/05/2021 16:00:00,359.75
24/05/2021 16:00:00,359.36
25/05/2021 16:00:00,360.69
26/05/2021 16:00:00,357.74
27/05/2021 16:00:00,362.21
28/05/2021 16:00:00,361.1
01/06/2021 16:00:00,364.61
02/06/2021 16:00:00,356.71
03/06/2021 16:00:00,358.91
04/06/2021 16:00:00,356.64
07/06/2021 16:00:00,355.43
08/06/2021 16:00:00,356.58
09/06/2021 16:00:00,349.53
10/06/2021 16:00:00,341.44
11/06/2021 16:00:00,341.57
14/06/2021 16:00:00,335.54
15/06/2021 16:00:00,338.1
16/06/2021 16:00:00,336.56
17/06/2021 16:00:00,328.38
18/06/2021 16:00:00,328.97
21/06/2021 16:00:00,337.88
22/06/2021 16:00:00,342.1
23/06/2021 16:00:00,347.75
24/06/2021 16:00:00,350.62
25/06/2021 16:00:00,349.99
28/06/2021 16:00:00,349.89
29/06/2021 16:00:00,348.93
30/06/2021 16:00:00,352.71
01/07/2021 16:00:00,354.29
02/07/2021 16:00:00,352.5
06/07/2021 16:00:00,349.45
07/07/2021 16:00:00,351.88
08/07/2021 16:00:00,343.58
09/07/2021 16:00:00,349.48
12/07/2021 16:00:00,354.28
13/07/2021 16:00:00,350.77
14/07/2021 16:00:00,345.57
15/07/2021 16:00:00,346.1
16/07/2021 16:00:00,342.49
19/07/2021 16:00:00,334.95
20/07/2021 16:00:00,348.03
21/07/2021 16:00:00,353
22/07/2021 16:00:00,351.33
23/07/2021 16:00:00,354.7
26/07/2021 16:00:00,355.46
27/07/2021 16:00:00,353.52
28/07/2021 16:00:00,353.56
29/07/2021 16:00:00,359.8
30/07/2021 16:00:00,361.59
02/08/2021 16:00:00,355.95
03/08/2021 16:00:00,365.86
04/08/2021 16:00:00,360.67
05/08/2021 16:00:00,364.32
06/08/2021 16:00:00,366.88
09/08/2021 16:00:00,369.32
10/08/2021 16:00:00,376.62
11/08/2021 16:00:00,386.08
12/08/2021 16:00:00,385.62
13/08/2021 16:00:00,384
16/08/2021 16:00:00,383.03
17/08/2021 16:00:00,376.33
18/08/2021 16:00:00,371.61
19/08/2021 16:00:00,358.98
20/08/2021 16:00:00,351.43
23/08/2021 16:00:00,362.8
24/08/2021 16:00:00,367.98
25/08/2021 16:00:00,376.37
26/08/2021 16:00:00,379.81
27/08/2021 16:00:00,379.49
30/08/2021 16:00:00,381
31/08/2021 16:00:00,378.03
01/09/2021 16:00:00,376.71
02/09/2021 16:00:00,384.95
03/09/2021 16:00:00,389.34
07/09/2021 16:00:00,371.74
08/09/2021 16:00:00,370.23
09/09/2021 16:00:00,364.84
10/09/2021 16:00:00,363.07
13/09/2021 16:00:00,361.52
14/09/2021 16:00:00,355.98
15/09/2021 16:00:00,359.77
16/09/2021 16:00:00,355.33
17/09/2021 16:00:00,349.09
20/09/2021 16:00:00,339.73
21/09/2021 16:00:00,336.95
22/09/2021 16:00:00,340.84
23/09/2021 16:00:00,351.5
24/09/2021 16:00:00,349.25
27/09/2021 16:00:00,352.42
28/09/2021 16:00:00,353.94
29/09/2021 16:00:00,350.87
30/09/2021 16:00:00,335.07
01/10/2021 16:00:00,342.2
04/10/2021 16:00:00,338.44
05/10/2021 16:00:00,338.29
06/10/2021 16:00:00,338.4
07/10/2021 16:00:00,344.09
08/10/2021 16:00:00,343.17
11/10/2021 16:00:00,332.59
12/10/2021 16:00:00,330.6
13/10/2021 16:00:00,329
14/10/2021 16:00:00,329.77
15/10/2021 16:00:00,332.76
18/10/2021 16:00:00,331.84
19/10/2021 16:00:00,343.09
20/10/2021 16:00:00,344.05
21/10/2021 16:00:00,342.93
22/10/2021 16:00:00,340.71
25/10/2021 16:00:00,352.72
26/10/2021 16:00:00,341.15
27/10/2021 16:00:00,338.23
28/10/2021 16:00:00,349.7
29/10/2021 16:00:00,342.31
01/11/2021 16:00:00,358.75
02/11/2021 16:00:00,355.3
03/11/2021 16:00:00,343.05
04/11/2021 16:00:00,350.85
05/11/2021 16:00:00,355.2
08/11/2021 16:00:00,360.86
09/11/2021 16:00:00,355.81
10/11/2021 16:00:00,352.61
11/11/2021 16:00:00,356.01
12/11/2021 16:00:00,358.86
15/11/2021 16:00:00,361.15
16/11/2021 16:00:00,362.01
17/11/2021 16:00:00,353.52
18/11/2021 16:00:00,357.11
19/11/2021 16:00:00,346.15
22/11/2021 16:00:00,349.16
23/11/2021 16:00:00,349.28
24/11/2021 16:00:00,367.86
26/11/2021 13:00:00,359.3
29/11/2021 16:00:00,348.09
30/11/2021 16:00:00,345.54
01/12/2021 16:00:00,341.55
02/12/2021 16:00:00,350.62
03/12/2021 16:00:00,349.24
06/12/2021 16:00:00,354.51
07/12/2021 16:00:00,361.34
08/12/2021 16:00:00,361.06
09/12/2021 16:00:00,361.92
10/12/2021 16:00:00,358.36
13/12/2021 16:00:00,351.42
14/12/2021 16:00:00,348.55
15/12/2021 16:00:00,343.94
16/12/2021 16:00:00,348.29
17/12/2021 16:00:00,347.03
20/12/2021 16:00:00,338.66
21/12/2021 16:00:00,349.81
22/12/2021 16:00:00,347
23/12/2021 16:00:00,349.22
27/12/2021 16:00:00,350.75
28/12/2021 16:00:00,349.77
29/12/2021 16:00:00,345.71
30/12/2021 16:00:00,342.03
31/12/2021 16:00:00,342.89
03/01/2022 16:00:00,350.11
04/01/2022 16:00:00,371.29
05/01/2022 16:00:00,372.05
06/01/2022 16:00:00,376.36
07/01/2022 16:00:00,378.65
10/01/2022 16:00:00,379.86
11/01/2022 16:00:00,380.55
12/01/2022 16:00:00,376.25
13/01/2022 16:00:00,380.39
14/01/2022 16:00:00,379.56
18/01/2022 16:00:00,383.91
19/01/2022 16:00:00,375.9
20/01/2022 16:00:00,366.98
21/01/2022 16:00:00,364.28
24/01/2022 16:00:00,364.03
25/01/2022 16:00:00,368.22
26/01/2022 16:00:00,372.24
27/01/2022 16:00:00,375.96
28/01/2022 16:00:00,373.79
31/01/2022 16:00:00,376.4
01/02/2022 16:00:00,377.88
02/02/2022 16:00:00,374.48
03/02/2022 16:00:00,370.89
04/02/2022 16:00:00,369.49
07/02/2022 16:00:00,372.2
08/02/2022 16:00:00,389.88
09/02/2022 16:00:00,395.4
10/02/2022 16:00:00,393.15
11/02/2022 16:00:00,392.67
14/02/2022 16:00:00,387.26
15/02/2022 16:00:00,393.4
16/02/2022 16:00:00,390.56
17/02/2022 16:00:00,380.53
18/02/2022 16:00:00,369.1
22/02/2022 16:00:00,353.78
23/02/2022 16:00:00,337.52
24/02/2022 16:00:00,342.76
25/02/2022 16:00:00,346.98
28/02/2022 16:00:00,360.02
01/03/2022 16:00:00,358.65
02/03/2022 16:00:00,375.98
03/03/2022 16:00:00,381.93
04/03/2022 16:00:00,390.07
07/03/2022 16:00:00,369
08/03/2022 16:00:00,364.93
09/03/2022 16:00:00,368.86
10/03/2022 16:00:00,378.15
11/03/2022 16:00:00,389.48
14/03/2022 16:00:00,393.86
15/03/2022 16:00:00,388.47
16/03/2022 16:00:00,388.2
17/03/2022 16:00:00,406.15
18/03/2022 16:00:00,413.15
21/03/2022 16:00:00,422.29
22/03/2022 16:00:00,427.55
23/03/2022 16:00:00,431.52
24/03/2022 16:00:00,432.22
25/03/2022 16:00:00,436.45
28/03/2022 16:00:00,432.61
29/03/2022 16:00:00,412.92
30/03/2022 16:00:00,415.55
31/03/2022 16:00:00,415.46
01/04/2022 16:00:00,416.8
04/04/2022 16:00:00,417.45
05/04/2022 16:00:00,413.71
06/04/2022 16:00:00,411.25
07/04/2022 16:00:00,409.46
08/04/2022 16:00:00,418.3
11/04/2022 16:00:00,418.51
12/04/2022 16:00:00,419.73
13/04/2022 16:00:00,427.29
14/04/2022 16:00:00,436.75
18/04/2022 16:00:00,438.45
19/04/2022 16:00:00,437.82
20/04/2022 16:00:00,437.39
21/04/2022 16:00:00,424.36
22/04/2022 16:00:00,403.57
25/04/2022 16:00:00,385.51
26/04/2022 16:00:00,381.77
27/04/2022 16:00:00,385.53
28/04/2022 16:00:00,384.82
29/04/2022 16:00:00,377.55
02/05/2022 16:00:00,381.23
03/05/2022 16:00:00,389.44
04/05/2022 16:00:00,396.35
05/05/2022 16:00:00,383.04
06/05/2022 16:00:00,377.46
09/05/2022 16:00:00,364.53
10/05/2022 16:00:00,364.75
11/05/2022 16:00:00,364.03
12/05/2022 16:00:00,362.98
13/05/2022 16:00:00,366.69
16/05/2022 16:00:00,374.45
17/05/2022 16:00:00,384.26
18/05/2022 16:00:00,368.67
19/05/2022 16:00:00,364.62
20/05/2022 16:00:00,313.31
23/05/2022 16:00:00,335.36
24/05/2022 16:00:00,337.03
25/05/2022 16:00:00,342.97
26/05/2022 16:00:00,347.51
27/05/2022 16:00:00,360.73
31/05/2022 16:00:00,357.78
01/06/2022 16:00:00,352.15
02/06/2022 16:00:00,361.08
03/06/2022 16:00:00,361
06/06/2022 16:00:00,362.91
07/06/2022 16:00:00,367.84
08/06/2022 16:00:00,355.02
09/06/2022 16:00:00,345.33
10/06/2022 16:00:00,335.23
13/06/2022 16:00:00,324.9
14/06/2022 16:00:00,326.58
15/06/2022 16:00:00,330.58
16/06/2022 16:00:00,317.57
17/06/2022 16:00:00,322.72
21/06/2022 16:00:00,329.27
22/06/2022 16:00:00,317.93
23/06/2022 16:00:00,297.51
24/06/2022 16:00:00,310.87
27/06/2022 16:00:00,315.33
28/06/2022 16:00:00,309.16
29/06/2022 16:00:00,300.65
30/06/2022 16:00:00,299.47
01/07/2022 16:00:00,301.63
05/07/2022 16:00:00,292.13
06/07/2022 16:00:00,289.14
07/07/2022 16:00:00,303.97
08/07/2022 16:00:00,304.64
11/07/2022 16:00:00,298.41
12/07/2022 16:00:00,295.96
13/07/2022 16:00:00,296.78
14/07/2022 16:00:00,294.33
15/07/2022 16:00:00,297.7
18/07/2022 16:00:00,297.95
19/07/2022 16:00:00,311.59
20/07/2022 16:00:00,315.36
21/07/2022 16:00:00,316.54
22/07/2022 16:00:00,312.26
25/07/2022 16:00:00,322.96
26/07/2022 16:00:00,319.45
27/07/2022 16:00:00,325.71
28/07/2022 16:00:00,331.63
29/07/2022 16:00:00,343.18
01/08/2022 16:00:00,338.19
02/08/2022 16:00:00,333.21
03/08/2022 16:00:00,336.51
04/08/2022 16:00:00,342.38
05/08/2022 16:00:00,343.31
08/08/2022 16:00:00,343.71
09/08/2022 16:00:00,343.68
10/08/2022 16:00:00,352.36
11/08/2022 16:00:00,361.92
12/08/2022 16:00:00,368.16
15/08/2022 16:00:00,366.05
16/08/2022 16:00:00,369.98
17/08/2022 16:00:00,364.69
18/08/2022 16:00:00,367.99
19/08/2022 16:00:00,369.66
22/08/2022 16:00:00,369.64
23/08/2022 16:00:00,374.88
24/08/2022 16:00:00,381.38
25/08/2022 16:00:00,388.15
26/08/2022 16:00:00,379.38
29/08/2022 16:00:00,380.61
30/08/2022 16:00:00,368.74
31/08/2022 16:00:00,365.25
01/09/2022 16:00:00,363.77
02/09/2022 16:00:00,362.22
06/09/2022 16:00:00,361.06
07/09/2022 16:00:00,365.94
08/09/2022 16:00:00,368.48
09/09/2022 16:00:00,372.25
12/09/2022 16:00:00,374.03
13/09/2022 16:00:00,363.3
14/09/2022 16:00:00,360.9
15/09/2022 16:00:00,358.77
16/09/2022 16:00:00,354.5
19/09/2022 16:00:00,362.69
20/09/2022 16:00:00,355.59
21/09/2022 16:00:00,349.81
22/09/2022 16:00:00,346.13
23/09/2022 16:00:00,334.22
26/09/2022 16:00:00,332.24
27/09/2022 16:00:00,335.68
28/09/2022 16:00:00,345.9
29/09/2022 16:00:00,341
30/09/2022 16:00:00,333.89
03/10/2022 16:00:00,344.05
04/10/2022 16:00:00,360.29
05/10/2022 16:00:00,355.77
06/10/2022 16:00:00,355.47
07/10/2022 16:00:00,356.15
10/10/2022 16:00:00,359.68
11/10/2022 16:00:00,363.33
12/10/2022 16:00:00,361.21
13/10/2022 16:00:00,367.17
14/10/2022 16:00:00,357.14
17/10/2022 16:00:00,362.59
18/10/2022 16:00:00,371.31
19/10/2022 16:00:00,371.32
20/10/2022 16:00:00,365.52
21/10/2022 16:00:00,383.06
24/10/2022 16:00:00,385.89
25/10/2022 16:00:00,391.63
26/10/2022 16:00:00,391.18
27/10/2022 16:00:00,394.59
28/10/2022 16:00:00,396.85
31/10/2022 16:00:00,395.82
01/11/2022 16:00:00,388.71
02/11/2022 16:00:00,385.95
03/11/2022 16:00:00,393.63
04/11/2022 16:00:00,395.09
07/11/2022 16:00:00,398.77
08/11/2022 16:00:00,404.57
09/11/2022 16:00:00,397.09
10/11/2022 16:00:00,407.61
11/11/2022 16:00:00,406.03
14/11/2022 16:00:00,406.94
15/11/2022 16:00:00,406.97
16/11/2022 16:00:00,406.4
17/11/2022 16:00:00,412.99
18/11/2022 16:00:00,414.26
21/11/2022 16:00:00,411.7
22/11/2022 16:00:00,416.56
23/11/2022 16:00:00,437.52
25/11/2022 13:00:00,441.47
28/11/2022 16:00:00,441.21
29/11/2022 16:00:00,440.97
30/11/2022 16:00:00,441
01/12/2022 16:00:00,441.81
02/12/2022 16:00:00,445.61
05/12/2022 16:00:00,436.89
06/12/2022 16:00:00,438.25
07/12/2022 16:00:00,440.65
08/12/2022 16:00:00,442.93
09/12/2022 16:00:00,434.81
12/12/2022 16:00:00,437.05
13/12/2022 16:00:00,437.19
14/12/2022 16:00:00,438.44
15/12/2022 16:00:00,429.79
16/12/2022 16:00:00,431.09
19/12/2022 16:00:00,432.67
20/12/2022 16:00:00,435.36
21/12/2022 16:00:00,441.64
22/12/2022 16:00:00,435.86
23/12/2022 16:00:00,436.93
27/12/2022 16:00:00,436.15
28/12/2022 16:00:00,430.18
29/12/2022 16:00:00,428.64
30/12/2022 16:00:00,428.76
03/01/2023 16:00:00,424.29
04/01/2023 16:00:00,423.48
05/01/2023 16:00:00,414.73
06/01/2023 16:00:00,426.47
09/01/2023 16:00:00,428.2
10/01/2023 16:00:00,437.43
11/01/2023 16:00:00,433.48
12/01/2023 16:00:00,436.09
13/01/2023 16:00:00,439.63
17/01/2023 16:00:00,438.2
18/01/2023 16:00:00,425.99
19/01/2023 16:00:00,408.6
20/01/2023 16:00:00,410.6
23/01/2023 16:00:00,409.34
24/01/2023 16:00:00,416.67
25/01/2023 16:00:00,413.64
26/01/2023 16:00:00,421.2
27/01/2023 16:00:00,418.18
30/01/2023 16:00:00,420.6
31/01/2023 16:00:00,422.84
01/02/2023 16:00:00,426.99
02/02/2023 16:00:00,406.55
03/02/2023 16:00:00,406.06
06/02/2023 16:00:00,410.23
07/02/2023 16:00:00,409.52
08/02/2023 16:00:00,407.69
09/02/2023 16:00:00,408.01
10/02/2023 16:00:00,417.79
13/02/2023 16:00:00,415.33
14/02/2023 16:00:00,409.31
15/02/2023 16:00:00,410.04
16/02/2023 16:00:00,402.96
17/02/2023 16:00:00,433.31
21/02/2023 16:00:00,427.17
22/02/2023 16:00:00,426.41
23/02/2023 16:00:00,425.05
24/02/2023 16:00:00,417.42
27/02/2023 16:00:00,421.63
28/02/2023 16:00:00,419.24
01/03/2023 16:00:00,419.75
02/03/2023 16:00:00,421.34
03/03/2023 16:00:00,430.28
06/03/2023 16:00:00,425.71
07/03/2023 16:00:00,418.15
08/03/2023 16:00:00,424.29
09/03/2023 16:00:00,421.42
10/03/2023 16:00:00,395.93
13/03/2023 16:00:00,398.22
14/03/2023 16:00:00,402.45
15/03/2023 16:00:00,390.48
16/03/2023 16:00:00,391.11
17/03/2023 16:00:00,385.5
20/03/2023 16:00:00,394.5
21/03/2023 16:00:00,402.59
22/03/2023 16:00:00,394.97
23/03/2023 16:00:00,391.85
24/03/2023 16:00:00,386.5
27/03/2023 16:00:00,393.01
28/03/2023 16:00:00,395.35
29/03/2023 16:00:00,400.79
30/03/2023 16:00:00,403.7
31/03/2023 16:00:00,412.88
03/04/2023 16:00:00,414.99
04/04/2023 16:00:00,397.66
05/04/2023 16:00:00,373.82
06/04/2023 16:00:00,369.65
10/04/2023 16:00:00,377.33
11/04/2023 16:00:00,380.83
12/04/2023 16:00:00,384.39
13/04/2023 16:00:00,384.74
14/04/2023 16:00:00,387.77
17/04/2023 16:00:00,391.42
18/04/2023 16:00:00,396.69
19/04/2023 16:00:00,392.77
20/04/2023 16:00:00,390.36
21/04/2023 16:00:00,386.7
24/04/2023 16:00:00,388.04
25/04/2023 16:00:00,379.47
26/04/2023 16:00:00,374.61
27/04/2023 16:00:00,371.85
28/04/2023 16:00:00,378.02
01/05/2023 16:00:00,382.12
02/05/2023 16:00:00,383.8
03/05/2023 16:00:00,382.22
04/05/2023 16:00:00,373.59
05/05/2023 16:00:00,381.09
08/05/2023 16:00:00,380.25
09/05/2023 16:00:00,381.44
10/05/2023 16:00:00,380.39
11/05/2023 16:00:00,372.79
12/05/2023 16:00:00,373.98
15/05/2023 16:00:00,370.21
16/05/2023 16:00:00,362.68
17/05/2023 16:00:00,368.07
18/05/2023 16:00:00,370.52
19/05/2023 16:00:00,363.55
22/05/2023 16:00:00,360.5
23/05/2023 16:00:00,360.48
24/05/2023 16:00:00,354.08
25/05/2023 16:00:00,354.88
26/05/2023 16:00:00,357.21
30/05/2023 16:00:00,350.63
31/05/2023 16:00:00,345.98
01/06/2023 16:00:00,352.57
02/06/2023 16:00:00,371.07
05/06/2023 16:00:00,363.65
06/06/2023 16:00:00,373.69
07/06/2023 16:00:00,381.82
08/06/2023 16:00:00,380.77
09/06/2023 16:00:00,378.87
12/06/2023 16:00:00,387.13
13/06/2023 16:00:00,398.24
14/06/2023 16:00:00,399.05
15/06/2023 16:00:00,406.52
16/06/2023 16:00:00,407.63
20/06/2023 16:00:00,407.98
21/06/2023 16:00:00,416.59
22/06/2023 16:00:00,415.69
23/06/2023 16:00:00,404.45
26/06/2023 16:00:00,410.19
27/06/2023 16:00:00,409.51
28/06/2023 16:00:00,405.2
29/06/2023 16:00:00,401.63